word_id,word,source
20001,thrive ,eiken
20002,grind,eiken
20003,confiscate,eiken
20004,derive,eiken
20005,detest,eiken
20006,mock,eiken
20007,feign,eiken
20008,elicit,eiken
20009,apprehend,eiken
20010,commiserate,eiken
20011,condone,eiken
20012,epitomize,eiken
20013,fluctuate,eiken
20014,forgo,eiken
20015,frisk,eiken
20016,insulate,eiken
20017,liquidate,eiken
20018,meander,eiken
20019,meddle,eiken
20020,pamper,eiken
20021,peruse,eiken
20022,pique,eiken
20023,plagiarize,eiken
20024,plummet,eiken
20025,rehash,eiken
20026,implant,eiken
20027,indoctrinate,eiken
20028,inculcate,eiken
20029,enlighten,eiken
20030,implement,eiken
20031,undergo,eiken
20032,manipulate,eiken
20033,address,eiken
20034,fabricate,eiken
20035,administer,eiken
20036,enact,eiken
20037,duplicate,eiken
20038,orchestrate,eiken
20039,inaugurate,eiken
20040,persist,eiken
20041,enhance,eiken
20042,invigorate,eiken
20043,fortify,eiken
20044,expedite,eiken
20045,galvanize,eiken
20046,bolster,eiken
20047,sustain,eiken
20048,facilitate,eiken
20049,supplement,eiken
20050,subsidize,eiken
20051,amend,eiken
20052,rectify,eiken
20053,endorse,eiken
20054,exhort,eiken
20055,coerce,eiken
20056,implore,eiken
20057,instigate,eiken
20058,trigger,eiken
20059,incite,eiken
20060,muster,eiken
20061,extol,eiken
20062,emulate,eiken
20063,entice,eiken
20064,dazzle,eiken
20065,sprout,eiken
20066,burgeon,eiken
20067,detect,eiken
20068,debunk,eiken
20069,unravel,eiken
20070,excavate,eiken
20071,recoup,eiken
20072,recuperate,eiken
20073,disseminate,eiken
20074,prevail,eiken
20075,propagate,eiken
20076,transmit,eiken
20077,garner,eiken
20078,garnish,eiken
20079,infer,eiken
20080,surmise,eiken
20081,allude,eiken
20082,verify,eiken
20083,vindicate,eiken
20084,validate,eiken
20085,corroborate,eiken
20086,substantiate,eiken
20087,reiterate,eiken
20088,enunciate,eiken
20089,underscore,eiken
20090,flaunt,eiken
20091,alleviate,eiken
20092,allay,eiken
20093,appease,eiken
20094,defuse,eiken
20095,mollify,eiken
20096,placate,eiken
20097,modulate,eiken
20098,intervene,eiken
20099,curb,eiken
20100,oppress,eiken
20101,subjugate,eiken
20102,suppress,eiken
20103,subvert,eiken
20104,encroach,eiken
20105,deter,eiken
20106,retard,eiken
20107,avert,eiken
20108,balk,eiken
20109,stifle,eiken
20110,quell,eiken
20111,quench,eiken
20112,curtail,eiken
20113,diminish,eiken
20114,eclipse,eiken
20115,debase,eiken
20116,demean,eiken
20117,detract,eiken
20118,dwindle,eiken
20119,deviate,eiken
20120,elude,eiken
20121,circumvent,eiken
20122,plague,eiken
20123,torment,eiken
20124,confound,eiken
20125,stump,eiken
20126,dismiss,eiken
20127,dissect,eiken
20128,refute,eiken
20129,rebuff,eiken
20130,rebuke,eiken
20131,denounce,eiken
20132,rebut,eiken
20133,reprimand,eiken
20134,berate,eiken
20135,lambaste,eiken
20136,seclude,eiken
20137,ostracize,eiken
20138,purge,eiken
20139,repatriate,eiken
20140,repulse,eiken
20141,rebel,eiken
20142,renege,eiken
20143,renounce,eiken
20144,revel,eiken
20145,suspend,eiken
20146,abort,eiken
20147,adjourn,eiken
20148,nullify,eiken
20149,revoke,eiken
20150,thwart,eiken
20151,disband,eiken
20152,dislodge,eiken
20153,disperse,eiken
20154,eradicate,eiken
20155,rout,eiken
20156,wreak,eiken
20157,contaminate,eiken
20158,exacerbate,eiken
20159,aggravate,eiken
20160,abdicate,eiken
20161,abscond,eiken
20162,tamper,eiken
20163,juggle,eiken
20164,cajole,eiken
20165,defraud,eiken
20166,swindle,eiken
20167,dupe,eiken
20168,mutter,eiken
20169,stammer,eiken
20170,invoke,eiken
20171,crunch,eiken
20172,dawdle,eiken
20173,undermine,eiken
20174,diagnose,eiken
20175,blur,eiken
20176,squabble,eiken
20177,vie,eiken
20178,bluff,eiken
20179,broach,eiken
20180,clench,eiken
20181,perish,eiken
20182,ransack,eiken
20183,heave,eiken
20184,wrench,eiken
20185,beckon,eiken
20186,deploy,eiken
20187,detonate,eiken
20188,dispatch,eiken
20189,encompass,eiken
20190,encrypt,eiken
20191,exonerate,eiken
20192,fetter,eiken
20193,gloat,eiken
20194,haggle,eiken
20195,alienate,eiken
20196,shun,eiken
20197,dissuade,eiken
20198,admonish,eiken
20199,slam,eiken
20200,squander,eiken
20201,subordinate,eiken
20202,succumb,eiken
20203,tally,eiken
20204,teeter,eiken
20205,tout,eiken
20206,traverse,eiken
20207,veer,eiken
20208,veto,eiken
20209,weather,eiken
20210,wince,eiken
20211,scuttle,eiken
20212,agonize,eiken
20213,bask,eiken
20214,concoct,eiken
20215,delve,eiken
20216,evade,eiken
20217,interject,eiken
20218,linger,eiken
20219,pawn,eiken
20220,procure,eiken
20221,reclaim,eiken
20222,recur,eiken
20223,reminisce,eiken
20224,replenish,eiken
20225,scrawl,eiken
20226,hurtle,eiken
20227,disparage,eiken
20228,incur,eiken
20229,tarnish,eiken
20230,deplete,eiken
20231,project,eiken
20232,founder,eiken
20233,justify,eiken
20234,diversity,eiken
20235,extinction,eiken
20236,specimen,eiken
20237,perspective,eiken
20238,enforcement,eiken
20239,breakthrough,eiken
20240,myriad,eiken
20241,perception,eiken
20242,endowment,eiken
20243,gist,eiken
20244,influx,eiken
20245,backlash,eiken
20246,onset,eiken
20247,paternity,eiken
20248,preservation,eiken
20249,verdict,eiken
20250,credibility,eiken
20251,momentum,eiken
20252,brevity,eiken
20253,buffer,eiken
20254,knack,eiken
20255,viability,eiken
20256,auspice,eiken
20257,requisite,eiken
20258,prerequisite,eiken
20259,feat,eiken
20260,gravity,eiken
20261,jinx,eiken
20262,omen,eiken
20263,precedent,eiken
20264,prelude,eiken
20265,harbinger,eiken
20266,philanthropy,eiken
20267,camaraderie,eiken
20268,phase,eiken
20269,facet,eiken
20270,facade,eiken
20271,incentive,eiken
20272,morale,eiken
20273,gratuity,eiken
20274,proponent,eiken
20275,advocate,eiken
20276,recipient,eiken
20277,pundit,eiken
20278,descendant,eiken
20279,prosecutor,eiken
20280,consort,eiken
20281,culprit,eiken
20282,fugitive,eiken
20283,adherent,eiken
20284,mentor,eiken
20285,novice,eiken
20286,recluse,eiken
20287,surrogate,eiken
20288,throng,eiken
20289,peer,eiken
20290,prodigy,eiken
20291,counterpart,eiken
20292,aptitude,eiken
20293,caliber,eiken
20294,demeanor,eiken
20295,posture,eiken
20296,prudence,eiken
20297,zeal,eiken
20298,prestige,eiken
20299,eminence,eiken
20300,conviviality,eiken
20301,elocution,eiken
20302,agility,eiken
20303,allure,eiken
20304,candor,eiken
20305,decorum,eiken
20306,fidelity,eiken
20307,dexterity,eiken
20308,ebullience,eiken
20309,exhilaration,eiken
20310,duplicity,eiken
20311,indiscretion,eiken
20312,indolence,eiken
20313,audacity,eiken
20314,grudge,eiken
20315,tenure,eiken
20316,duration,eiken
20317,affinity,eiken
20318,proximity,eiken
20319,hoax,eiken
20320,allegory,eiken
20321,apex,eiken
20322,zenith,eiken
20323,ascension,eiken
20324,conglomerate,eiken
20325,offshot,eiken
20326,consignment,eiken
20327,conveyance,eiken
20328,durability,eiken
20329,footage,eiken
20330,gadget,eiken
20331,glitch,eiken
20332,echelon,eiken
20333,speculation,eiken
20334,hype,eiken
20335,benchmark,eiken
20336,integration,eiken
20337,contraband,eiken
20338,liability,eiken
20339,libel,eiken
20340,quota,eiken
20341,perk,eiken
20342,annotation,eiken
20343,backlog,eiken
20344,collation,eiken
20345,counterfeit,eiken
20346,forgery,eiken
20347,asylum,eiken
20348,haven,eiken
20349,hub,eiken
20350,venue,eiken
20351,vicinity,eiken
20352,validity,eiken
20353,efficacy,eiken
20354,longevity,eiken
20355,mortality,eiken
20356,demise,eiken
20357,immunity,eiken
20358,remedy,eiken
20359,transfusion,eiken
20360,bout,eiken
20361,quarantine,eiken
20362,contingency,eiken
20363,concussion,eiken
20364,blister,eiken
20365,prognosis,eiken
20366,penchant,eiken
20367,propensity,eiken
20368,savor,eiken
20369,banter,eiken
20370,jest,eiken
20371,animosity,eiken
20372,aversion,eiken
20373,acrimony,eiken
20374,affront,eiken
20375,misgiving,eiken
20376,scruple,eiken
20377,grievance,eiken
20378,eulogy,eiken
20379,flattery,eiken
20380,homage,eiken
20381,defiance,eiken
20382,deportation,eiken
20383,decadence,eiken
20384,derision,eiken
20385,disguise,eiken
20386,conjecture,eiken
20387,fallacy,eiken
20388,decree,eiken
20389,ordinance,eiken
20390,precept,eiken
20391,elimination,eiken
20392,exorcism,eiken
20393,transgression,eiken
20394,infringement,eiken
20395,disparity,eiken
20396,dissension,eiken
20397,discrepancy,eiken
20398,dearth,eiken
20399,deluge,eiken
20400,conflagration,eiken
20401,spillage,eiken
20402,outage,eiken
20403,hazard,eiken
20404,jeopardy,eiken
20405,pandemonium,eiken
20406,predicament,eiken
20407,mayhem,eiken
20408,plight,eiken
20409,hindrance,eiken
20410,impediment,eiken
20411,impasse,eiken
20412,stalemate,eiken
20413,blunder,eiken
20414,fiasco,eiken
20415,culpability,eiken
20416,catalyst,eiken
20417,dispute,eiken
20418,feud,eiken
20419,hassle,eiken
20420,antipathy,eiken
20421,atrocity,eiken
20422,vandalism,eiken
20423,devastation,eiken
20424,havoc,eiken
20425,wreckage,eiken
20426,rubble,eiken
20427,regime,eiken
20428,exodus,eiken
20429,onslaught,eiken
20430,amnesty,eiken
20431,barrage,eiken
20432,brunt,eiken
20433,cessation,eiken
20434,cipher,eiken
20435,retribution,eiken
20436,repeal,eiken
20437,provision,eiken
20438,repercussion,eiken
20439,reprisal,eiken
20440,faction,eiken
20441,rampage,eiken
20442,menace,eiken
20443,upheaval,eiken
20444,commotion,eiken
20445,concession,eiken
20446,curfew,eiken
20447,ultimatum,eiken
20448,truancy,eiken
20449,hindsight,eiken
20450,maxim,eiken
20451,memento,eiken
20452,cinch,eiken
20453,vent,eiken
20454,solace,eiken
20455,trance,eiken
20456,felicity,eiken
20457,entity,eiken
20458,premises,eiken
20459,pretext,eiken
20460,creed,eiken
20461,quandary,eiken
20462,depiction,eiken
20463,farce,eiken
20464,juncture,eiken
20465,misnomer,eiken
20466,clique,eiken
20467,clout,eiken
20468,gimmick,eiken
20469,ordeal,eiken
20470,polarization,eiken
20471,prerogative,eiken
20472,ramification,eiken
20473,altruistic,eiken
20474,profound,eiken
20475,skeptical,eiken
20476,widespread,eiken
20477,anonymous,eiken
20478,contentions,eiken
20479,authentic,eiken
20480,paramount,eiken
20481,replicate,eiken
20482,lucrative,eiken
20483,clumsy,eiken
20484,defunct,eiken
20485,discernible,eiken
20486,futile,eiken
20487,prolific,eiken
20488,inscrutable,eiken
20489,manifest,eiken
20490,ubiquitous,eiken
20491,occidental,eiken
20492,exemplary,eiken
20493,commensurate,eiken
20494,transient,eiken
20495,ostensible,eiken
20496,aesthetically,eiken
20497,marginally,eiken
20498,indigenous,eiken
20499,inherent,eiken
20500,intrinsic,eiken
20501,latent,eiken
20502,extrinsic,eiken
20503,covert,eiken
20504,clandestine,eiken
20505,classified,eiken
20506,ulterior,eiken
20507,surreptitiously,eiken
20508,equivalent,eiken
20509,tantamount,eiken
20510,rigorous,eiken
20511,stringent,eiken
20512,austere,eiken
20513,caustic,eiken
20514,scarce,eiken
20515,subtle,eiken
20516,meager,eiken
20517,sophisticated,eiken
20518,sublime,eiken
20519,exquisite,eiken
20520,susceptible,eiken
20521,vulnerable,eiken
20522,impervious,eiken
20523,impending,eiken
20524,immunent,eiken
20525,frugal,eiken
20526,thrifty,eiken
20527,adamant,eiken
20528,obstinate,eiken
20529,stubborn,eiken
20530,candid,eiken
20531,meekly,eiken
20532,affluent,eiken
20533,superfluous,eiken
20534,engrossed,eiken
20535,exuberant,eiken
20536,frenetic,eiken
20537,infatuated,eiken
20538,ecstatic,eiken
20539,dubious,eiken
20540,ambivalent,eiken
20541,precarious,eiken
20542,inclusive,eiken
20543,exclusive,eiken
20544,abject,eiken
20545,deplorable,eiken
20546,abridged,eiken
20547,succinct,eiken
20548,adriot,eiken
20549,adept,eiken
20550,inept,eiken
20551,vigorous,eiken
20552,avid,eiken
20553,antagonistic,eiken
20554,arbitrary,eiken
20555,belligerent,eiken
20556,sinister,eiken
20557,blatantly,eiken
20558,bluntly,eiken
20559,curtl,eiken
20560,aloof,eiken
20561,apathetic,eiken
20562,contagious,eiken
20563,epidemic,eiken
20564,endemic,eiken
20565,infectious,eiken
20566,infested,eiken
20567,pandemic,eiken
20568,pervasive,eiken
20569,rife,eiken
20570,contemplative,eiken
20571,scrupulous,eiken
20572,meticulous,eiken
20573,cursory,eiken
20574,erratic,eiken
20575,erroneous,eiken
20576,derogatory,eiken
20577,detrimental,eiken
20578,diffident,eiken
20579,dissident,eiken
20580,disgruntled,eiken
20581,demoralized,eiken
20582,destitute,eiken
20583,dilapidated,eiken
20584,emaciated,eiken
20585,unscathed,eiken
20586,unprecedented,eiken
20587,ferocious,eiken
20588,filthy,eiken
20589,flagrant,eiken
20590,grueling,eiken
20591,immaculate,eiken
20592,impeccable,eiken
20593,pristine,eiken
20594,intangible,eiken
20595,invincible,eiken
20596,incoherent,eiken
20597,incessant,eiken
20598,intermittently,eiken
20599,sporadic,eiken
20600,omniscient,eiken
20601,pedantic,eiken
20602,inquisitive,eiken
20603,insatiable,eiken
20604,perceptible,eiken
20605,notable,eiken
20606,benign,eiken
20607,affable,eiken
20608,robust,eiken
20609,buoyant,eiken
20610,resplendent,eiken
20611,tenacious,eiken
20612,lenient,eiken
20613,negligent,eiken
20614,perfunctory,eiken
20615,spurious,eiken
20616,treacherous,eiken
20617,devious,eiken
20618,drab,eiken
20619,eerie,eiken
20620,menial,eiken
20621,morbid,eiken
20622,lethargic,eiken
20623,subdued,eiken
20624,tepid,eiken
20625,gullible,eiken
20626,imprudent,eiken
20627,heedless,eiken
20628,inadvertently,eiken
20629,haphazardly,eiken
20630,gaudy,eiken
20631,flamboyantly,eiken
20632,hereditary,eiken
20633,homogeneous,eiken
20634,hygienic,eiken
20635,deceased,eiken
20636,terrestrial,eiken
20637,torrid,eiken
20638,traumatic,eiken
20639,gregarious,eiken
20640,palatable,eiken
20641,fiscal,eiken
20642,indicative,eiken
20643,auspicious,eiken
20644,illustrious,eiken
20645,pinpoint,eiken
20646,eloquent,eiken
20647,arduous,eiken
20648,laudable,eiken
20649,dainty,eiken
20650,conductive,eiken
20651,innocuous,eiken
20652,integral,eiken
20653,valiant,eiken
20654,serene,eiken
20655,fraught,eiken
20656,reclusive,eiken
20657,flimsy,eiken
20658,catastrophically,eiken
20659,dogmatic,eiken
20660,insular,eiken
20661,intimidated,eiken
20662,languishing,eiken
20663,obsequious,eiken
20664,squeamish,eiken
20665,uncouth,eiken
20666,petrified,eiken
20667,ponderous,eiken
20668,rowdy,eiken
20669,somber,eiken
20670,banal,eiken
20671,relentless,eiken
20672,elusive,eiken
20673,excruciatingly,eiken
20674,fraudulent,eiken
20675,irreparable,eiken
20676,lackluster,eiken
20677,lurid,eiken
20678,roundabout,eiken
20679,shrewd,eiken
20680,varaciously,eiken
20681,sedentary,eiken
20682,archaic,eiken
20683,embedded,eiken
20684,inclement,eiken
20685,facetious,eiken
20686,docile,eiken
20687,momentous,eiken
20688,nonchalant,eiken
20689,pragmatic,eiken
20690,retroactively,eiken
20691,salient,eiken
20692,prostrate,eiken
20693,obligatory,eiken
20694,oblivious,eiken
20695,teeming,eiken
20696,appalled,eiken
20697,implicit,eiken
20698,bellicose,eiken
20699,vibrant,eiken
20700,subsequent,eiken
20701,stimulate,eiken
20702,retrieve,eiken
20703,fuel,eiken
20704,halt,eiken
20705,heed ,eiken
20706,expand,eiken
20707,forebode,eiken
20708,clarify,eiken
20709,elongate,eiken
20710,liken,eiken
20711,spurn,eiken
20712,stray,eiken
20713,predominate,eiken
20714,elaborate,eiken
20715,retain,eiken
20716,bestow,eiken
20717,improvise,eiken
20718,uphold,eiken
20719,mesmerize,eiken
20720,stipulate,eiken
20721,guarantee,eiken
20722,reconcile,eiken
20723,revert,eiken
20724,rebate,eiken
20725,reimburse,eiken
20726,remit,eiken
20727,reciprocate,eiken
20728,redeem,eiken
20729,accentuate,eiken
20730,accelerate,eiken
20731,rejuvenate,eiken
20732,revitalize,eiken
20733,emigrate,eiken
20734,migrate,eiken
20735,reinforce,eiken
20736,recapitulate,eiken
20737,revise,eiken
20738,redress,eiken
20739,refurbish,eiken
20740,suffocate,eiken
20741,smother,eiken
20742,drain,eiken
20743,drench,eiken
20744,decant,eiken
20745,deregulate,eiken
20746,extract,eiken
20747,exterminate,eiken
20748,extort,eiken
20749,repel,eiken
20750,retort,eiken
20751,encapsuate,eiken
20752,entrust,eiken
20753,entail,eiken
20754,induce,eiken
20755,integrate,eiken
20756,ingratiate,eiken
20757,jeer,eiken
20758,sneer,eiken
20759,deride,eiken
20760,discharge,eiken
20761,dispel,eiken
20762,displace,eiken
20763,distend,eiken
20764,oust,eiken
20765,evict,eiken
20766,expel,eiken
20767,evacuate,eiken
20768,relegate,eiken
20769,dismantle,eiken
20770,disrupt,eiken
20771,discard,eiken
20772,ditch,eiken
20773,soar,eiken
20774,surge,eiken
20775,skyrocket,eiken
20776,contend,eiken
20777,contradict,eiken
20778,belittle,eiken
20779,deprecate,eiken
20780,deface,eiken
20781,defame,eiken
20782,mediate,eiken
20783,meditate,eiken
20783,contemplate,eiken
20784,deteriorate,eiken
20785,decay,eiken
20786,adorn,eiken
20787,emblazon,eiken
20788,divert,eiken
20790,deflect,eiken
20791,diverge,eiken
20792,empathize,eiken
20793,empower,eiken
20794,embolden,eiken
20795,embody,eiken
20796,materialize,eiken
20797,embezzle,eiken
20798,embark,eiken
20799,embrace,eiken
20800,obstruct,eiken
20801,hamper,eiken
20802,hinder,eiken
20803,transcend,eiken
20804,transpose,eiken
20805,uncover,eiken
20806,undertake,eiken
20807,unearth,eiken
20808,unfold,eiken
20809,unsettle,eiken
20810,incriminate,eiken
20811,instill,eiken
20812,enroll,eiken
20813,engulf,eiken
20814,engender,eiken
20815,ensue,eiken
20816,enforce,eiken
20817,stagger,eiken
20818,waver,eiken
20819,exasperate,eiken
20820,resent,eiken
20821,surmount,eiken
20822,surpass,eiken
20823,impair,eiken
20824,jeopardize,eiken
20825,mar,eiken
20826,mortify,eiken
20827,humiliate,eiken
20828,proclaim,eiken
20829,profess,eiken
20830,scatter,eiken
20831,congregate,eiken
20832,allocate,eiken
20833,synthesize,eiken
20834,pledge,eiken
20835,waive,eiken
20836,assimilate,eiken
20837,merge,eiken
20838,censure,eiken
20839,supplant,eiken
20840,stabilize,eiken
20841,intrigue,eiken
20842,penetrate,eiken
20843,probe,eiken
20844,abuse,eiken
20845,poach,eiken
20846,cease,eiken
20847,circulate,eiken
20848,claim,eiken
20849,ratify,eiken
20850,forfeit,eiken
20851,implicate,eiken
20852,perpetrate,eiken
20853,monopolize,eiken
20854,smuggle,eiken
20855,expire,eiken
20856,compile,eiken
20857,hatch,eiken
20858,hibernate,eiken
20859,metabolize,eiken
20860,reap,eiken
20861,saturate,eiken
20862,inoculate,eiken
20863,evolve,eiken
20864,inject,eiken
20865,erupt,eiken
20866,wriggle,eiken
20867,guzzle,eiken
20868,nudge,eiken
20869,sprawl,eiken
20870,jiggle,eiken
20871,dangle,eiken
20872,invert,eiken
20873,fumble,eiken
20874,quiver,eiken
20875,assault,eiken
20876,bombard,eiken
20877,incapcitate,eiken
20878,devastate,eiken
20879,excel,eiken
20880,esteem,eiken
20881,overrun,eiken
20882,simulate,eiken
20883,collaborate,eiken
20884,commence,eiken
20885,provoke,eiken
20886,evaporate,eiken
20887,amplify,eiken
20888,scrutinize,eiken
20889,submerge,eiken
20890,permeate,eiken
20891,affix,eiken
20892,discern,eiken
20893,coax,eiken
20894,denote,eiken
20895,exemplify,eiken
20896,harness,eiken
20897,chafe,eiken
20898,loom,eiken
20899,rumble,eiken
20900,snare,eiken
20901,steer,eiken
20902,evoke,eiken
20903,dub,eiken
20904,grapple,eiken
20905,exert,eiken
20906,grumble,eiken
20907,hover,eiken
20908,precede,eiken
20909,reside,eiken
20910,specify,eiken
20911,topple,eiken
20912,usher,eiken
20913,withhold,eiken
20914,shatter,eiken
20915,dice,eiken
20916,garble,eiken
20917,flourish,eiken
20918,dart,eiken
20919,diversity,eiken
20920,rationale,eiken
20921,restraint,eiken
20922,stem,eiken
20923,gorge,eiken
20924,zest,eiken
20925,complex,eiken
20926,artifact,eiken
20927,reversal,eiken
20928,altruism,eiken
20929,mimicry,eiken
20930,coincidence,eiken
20931,oversight,eiken
20932,privilege,eiken
20933,liaison,eiken
20934,assessment,eiken
20935,bias,eiken
20936,incidence,eiken
20937,amity,eiken
20938,pageant,eiken
20939,paragon,eiken
20940,parameter,eiken
20941,patronage,eiken
20942,erudition,eiken
20943,expertise,eiken
20944,affiliation,eiken
20945,platitude,eiken
20946,tinge,eiken
20947,travesty,eiken
20948,abundance,eiken
20949,metaphor,eiken
20950,infirmity,eiken
20951,deficiency,eiken
20952,hygiene,eiken
20953,antibiotic,eiken
20954,tantrum,eiken
20955,cramp,eiken
20956,spasm,eiken
20957,tumor,eiken
20958,diagnosis,eiken
20959,qualm,eiken
20960,enzyme,eiken
20961,graft,eiken
20962,mutation,eiken
20963,microbe,eiken
20964,epicenter,eiken
20965,coma,eiken
20966,paralysis,eiken
20967,parasite,eiken
20968,autopsy,eiken
20969,incubator,eiken
20970,hypnosis,eiken
20971,limb,eiken
20972,delusion,eiken
20973,deprivation,eiken
20974,disposal,eiken
20975,dissolution,eiken
20976,disgust,eiken
20977,deference,eiken
20978,diversion,eiken
20979,detour,eiken
20980,thesis,eiken
20981,discourse,eiken
20982,dissertation,eiken
20983,inception,eiken
20984,advent,eiken
20985,yardstick,eiken
20986,criterion,eiken
20987,expenditure,eiken
20988,proceeds,eiken
20989,premium,eiken
20990,utility,eiken
20991,balance,eiken
20992,dividend,eiken
20993,surplus,eiken
20994,deficit,eiken
20995,deduction,eiken
20996,dues,eiken
20997,insinuation,eiken
20998,innuendo,eiken
20999,connotation,eiken
21000,craze,eiken
21001,fad,eiken
21002,infusion,eiken
21003,intake,eiken
21004,archaeologist,eiken
21005,counterfeiter,eiken
21006,mediator,eiken
21007,debtor,eiken
21008,outcast,eiken
21009,upstart,eiken
21010,bigot,eiken
21011,proprietor,eiken
21012,beneficiary,eiken
21013,warden,eiken
21014,matrimony,eiken
21015,spouse,eiken
21016,naturalization,eiken
21017,infancy,eiken
21018,lineage,eiken
21019,condolence,eiken
21020,leftover,eiken
21021,amenity,eiken
21022,keepsake,eiken
21023,thrift,eiken
21024,subsistence,eiken
21025,habitat,eiken
21026,inhabitant,eiken
21027,foliage,eiken
21028,fertility,eiken
21029,ebb,eiken
21030,primate,eiken
21031,pesticide,eiken
21032,famine,eiken
21033,irrigation,eiken
21034,palate,eiken
21035,guise,eiken
21036,pretense,eiken
21037,morsel,eiken
21038,ratio ,eiken
21039,modicum,eiken
21040,intervention,eiken
21041,collision,eiken
21042,agenda,eiken
21043,elevation,eiken
21044,entrepreneur,eiken
21045,luminary,eiken
21046,monopoly,eiken
21047,stake,eiken
21048,coverage,eiken
21049,hallmark,eiken
21050,remuneration,eiken
21051,confiscation,eiken
21052,conspiracy,eiken
21053,asset,eiken
21054,commitment,eiken
21055,inauguration,eiken
21056,bankruptcy,eiken
21057,embargo,eiken
21058,rundown,eiken
21059,debit,eiken
21060,bribery,eiken
21061,transaction,eiken
21062,imposition,eiken
21063,loophole,eiken
21064,bibliography,eiken
21065,caricature,eiken
21066,chronicle,eiken
21067,specter,eiken
21068,apparition,eiken
21069,stowage,eiken
21070,repository,eiken
21071,gradient,eiken
21072,hemisphere,eiken
21073,attic,eiken
21074,coverage,eiken
21075,pasture,eiken
21076,auditorium,eiken
21077,niche,eiken
21078,attribute,eiken
21079,trait,eiken
21080,disposition,eiken
21081,idiosyncrasy,eiken
21082,temperament,eiken
21083,proclivity,eiken
21084,compassion,eiken
21085,complacency,eiken
21086,composure,eiken
21087,compunction,eiken
21088,compliance,eiken
21089,ambivalence,eiken
21090,obscurity,eiken
21091,boon,eiken
21092,bounty,eiken
21093,perseverance,eiken
21094,affability,eiken
21095,magnetism,eiken
21096,lure,eiken
21097,enticement,eiken
21098,captivation,eiken
21099,hunch,eiken
21100,whim,eiken
21101,credulity,eiken
21102,alacrity,eiken
21103,intoxication,eiken
21104,preoccupation,eiken
21105,introvert,eiken
21106,clemency,eiken
21107,condescension,eiken
21108,drawback,eiken
21109,oblivion,eiken
21110,quirk,eiken
21111,malice,eiken
21112,abomination,eiken
21113,integrity,eiken
21114,ingenuity,eiken
21115,conceit,eiken
21116,impartiality,eiken
21117,absurdity,eiken
21118,apathy,eiken
21119,tedium,eiken
21120,veracity,eiken
21121,verification,eiken
21122,certitude,eiken
21123,conviction,eiken
21124,impulse,eiken
21125,levity,eiken
21126,thread,eiken
21127,threshold,eiken
21128,equity,eiken
21129,constellation,eiken
21130,deity,eiken
21131,fragility,eiken
21132,multitude,eiken
21133,tactics,eiken
21134,precedence,eiken
21135,effigy,eiken
21136,mirage,eiken
21137,pendulum,eiken
21138,culmination,eiken
21139,exhortation,eiken
21140,confinement,eiken
21141,sobriety,eiken
21142,heritage,eiken
21143,impetus,eiken
21144,tribute,eiken
21145,novelty,eiken
21146,courier,eiken
21147,windfall,eiken
21148,alienation,eiken
21149,tenet,eiken
21150,respite,eiken
21151,stigma,eiken
21152,rendition,eiken
21153,ballot,eiken
21154,brawl,eiken
21155,crux,eiken
21156,contraption,eiken
21157,incense,eiken
21158,alignment,eiken
21159,axis,eiken
21160,circumlocution,eiken
21161,configuration,eiken
21162,dimension,eiken
21163,gait,eiken
21164,perimeter,eiken
21165,plagiarism,eiken
21166,recourse,eiken
21167,status quo,eiken
21168,combustion,eiken
21169,delineation,eiken
21170,diameter,eiken
21171,milestone,eiken
21172,vernacular,eiken
21173,semblance,eiken
21174,inducement,eiken
21175,contamination,eiken
21176,patent,eiken
21177,commodity,eiken
21178,prone,eiken
21179,communal,eiken
21180,diverse,eiken
21181,seamless,eiken
21182,vicarious,eiken
21183,virtually,eiken
21184,mandatory,eiken
21185,abruptly,eiken
21186,potential,eiken
21187,indispensable,eiken
21188,contiguous,eiken
21189,crude,eiken
21190,confidential,eiken
21191,spontaneous,eiken
21192,circumstantial,eiken
21193,overdue,eiken
21194,conspicuous,eiken
21195,tentative,eiken
21196,demographic,eiken
21197,exploratory,eiken
21198,hypothetical,eiken
21199,outright,eiken
21200,medieval,eiken
21201,contemporary,eiken
21202,stagnant,eiken
21203,bleak,eiken
21204,sluggish,eiken
21205,bionic,eiken
21206,genetically,eiken
21207,hybrid,eiken
21208,extinct,eiken
21209,dormant,eiken
21210,toxic,eiken
21211,respiratory,eiken
21212,chronic,eiken
21213,addictive,eiken
21214,perennial,eiken
21215,inevitable,eiken
21216,imerative,eiken
21217,ethical,eiken
21218,plausible,eiken
21219,psychologically,eiken
21220,psychic,eiken
21221,adolescent,eiken
21222,dispirited,eiken
21223,distressing,eiken
21224,empathic,eiken
21225,emphatic,eiken
21226,inanimate,eiken
21227,inane,eiken
21228,innate,eiken
21229,incredulous,eiken
21230,intolerant,eiken
21231,inhospitable,eiken
21232,intractable,eiken
21233,intrusive,eiken
21234,invalid,eiken
21235,intricate,eiken
21236,invariably,eiken
21237,irrational,eiken
21238,irresolute,eiken
21239,irrelevant,eiken
21240,irate,eiken
21241,drastically,eiken
21242,overly,eiken
21243,obsolete,eiken
21244,stale,eiken
21245,decrepit,eiken
21246,gratified,eiken
21247,blissful,eiken
21248,bountiful,eiken
21249,decent,eiken
21250,personable,eiken
21251,receptive,eiken
21252,amicable,eiken
21253,propitious,eiken
21254,benevolently,eiken
21255,dutifully,eiken
21256,expansively,eiken
21257,adequate,eiken
21258,efficacious,eiken
21259,enormous,eiken
21260,invaluable,eiken
21261,explicit,eiken
21262,tranquil,eiken
21263,virtuous,eiken
21264,urbane,eiken
21265,cozy,eiken
21266,compatible,eiken
21267,genial,eiken
21268,submissive,eiken
21269,amenable,eiken
21270,feasible,eiken
21271,copious,eiken
21272,discreet,eiken
21273,hilarious,eiken
21274,jubilant,eiken
21275,pliable,eiken
21276,assertive,eiken
21277,devout,eiken
21278,intimate,eiken
21279,optimum,eiken
21280,placid,eiken
21281,assiduous,eiken
21282,authoritative,eiken
21283,full-fledged,eiken
21284,pertinent,eiken
21285,transcendent,eiken
21286,crucial,eiken
21287,distinct,eiken
21288,legitimate,eiken
21289,versatile,eiken
21290,eligible,eiken
21291,ingenious,eiken
21292,judicious,eiken
21293,consummate,eiken
21294,hostile,eiken
21295,possessed,eiken
21296,vicious,eiken
21297,frivolous,eiken
21298,petulant,eiken
21299,capricious,eiken
21300,deceptive,eiken
21301,unruly,eiken
21302,malevolent,eiken
21303,crabby,eiken
21304,haughty,eiken
21305,obnoxious,eiken
21306,poignant,eiken
21307,inert,eiken
21308,vulgar,eiken
21309,trivial,eiken
21310,redundant,eiken
21311,disorientated,eiken
21312,arcane,eiken
21313,fallible,eiken
21314,formidable,eiken
21315,confrontational,eiken
21316,corrosive,eiken
21317,lousy,eiken
21318,menacingly,eiken
21319,recklessly,eiken
21320,ruthless,eiken
21321,rash,eiken
21322,naive,eiken
21323,strenuous,eiken
21324,trite,eiken
21325,tedious,eiken
21326,stern,eiken
21327,devoid,eiken
21328,dreary,eiken
21329,hectic,eiken
21330,dismal,eiken
21331,frail,eiken
21332,illicit,eiken
21333,bizarre,eiken
21334,coarse,eiken
21335,lax,eiken
21336,pathetic,eiken
21337,lethal,eiken
21338,disheveled,eiken
21339,bedraggled,eiken
21340,ambiguous,eiken
21341,equivocal,eiken
21342,obscure,eiken
21343,initially,eiken
21344,consequently,eiken
21345,ultimately,eiken
21346,namely,eiken
21347,nominally,eiken
21348,barren,eiken
21349,sterile,eiken
21350,cardinal,eiken
21351,rudimentary,eiken
21352,static,eiken
21353,stationary,eiken
21354,countless,eiken
21355,miscellaneous,eiken
21356,dense,eiken
21357,commonplace,eiken
21358,mediocre,eiken
21359,transparent,eiken
21360,opaque,eiken
21361,bland,eiken
21362,stupendous,eiken
21363,schematic,eiken
21364,statistically,eiken
21365,unanimously,eiken
21366,monotonously,eiken
21367,impulsive,eiken
21368,reticent,eiken
21369,habitual,eiken
21370,flabbergasted,eiken
21371,destined,eiken
21372,disciplinary,eiken
21373,divine,eiken
21374,jumbled,eiken
21375,lanky,eiken
21376,migratory,eiken
21377,opposable,eiken
21378,polytheistic,eiken
21379,succulent,eiken
21380,synonymous,eiken
21381,adjacent,eiken
21382,paltry,eiken
21383,bucolic,eiken
21384,celibate,eiken
21385,pedestrian,eiken
21386,lunar,eiken
21387,simultaneous,eiken
21388,lavish,eiken
21389,quaint,eiken
21390,conventional,eiken
21391,bewitched,eiken
21392,comprehensive,eiken
21393,tremendous,eiken
21394,exponential,eiken
21395,idyllic,eiken
21396,pompous,eiken
21397,resonant,eiken
21398,rustic,eiken
21399,sparse,eiken
21400,edible,eiken
21401,decipher,eiken
21402,defy,eiken
21403,tackle,eiken
21404,antagonize,eiken
21405,precipitate,eiken
21406,capitulate,eiken
21407,vanquish,eiken
21408,brandish,eiken
21409,canvass,eiken
21410,contravene,eiken
21411,edify,eiken
21412,lobby,eiken
21413,matriculate,eiken
21414,slump,eiken
21415,augment,eiken
21416,blanch,eiken
21417,consign,eiken
21418,delineate,eiken
21419,blurt,eiken
21420,deduce,eiken
21421,impoverish,eiken
21422,purvey,eiken
21423,endow,eiken
21424,jostle,eiken
21425,levitate,eiken
21426,spawn,eiken
21427,traffic,eiken
21428,eschew,eiken
21429,hedge,eiken
21430,mount,eiken
21431,hypothesize,eiken
21432,hypnotize,eiken
21433,consecrate,eiken
21434,contrive,eiken
21435,concede,eiken
21436,concur,eiken
21437,consolidate,eiken
21438,acclaim,eiken
21439,eulogize,eiken
21440,prosecute,eiken
21441,adjudicate,eiken
21442,anoint,eiken
21443,arbitrate,eiken
21444,convict,eiken
21445,litigate,eiken
21446,ameliorate,eiken
21447,revamp,eiken
21448,reinstate,eiken
21449,resuscitate,eiken
21450,ambush,eiken
21451,waylay,eiken
21452,lurch,eiken
21453,lurk,eiken
21454,astound,eiken
21455,baffle,eiken
21456,perturb,eiken
21457,rankle,eiken
21458,agitate,eiken
21459,bemoan,eiken
21460,lament,eiken
21461,niggle,eiken
21462,pester,eiken
21463,debilitate,eiken
21464,demur,eiken
21465,abate,eiken
21466,pare,eiken
21467,prune,eiken
21468,truncate,eiken
21469,obfuscate,eiken
21470,obliterate,eiken
21471,equivocate,eiken
21472,diffuse,eiken
21473,proliferate,eiken
21474,promulgate,eiken
21475,emanate,eiken
21476,emancipate,eiken
21477,embroil,eiken
21478,encumber,eiken
21479,entrench,eiken
21480,enumerate,eiken
21481,preclude,eiken
21482,prescribe,eiken
21483,prevaricate,eiken
21484,externalize,eiken
21485,exult,eiken
21486,expiate,eiken
21487,cogitate,eiken
21488,ponder,eiken
21489,banish,eiken
21490,debar,eiken
21491,harry,eiken
21492,infiltrate,eiken
21493,assail,eiken
21494,ravage,eiken
21495,plunder,eiken
21496,loot,eiken
21497,intercept,eiken
21498,impede,eiken
21499,stunt,eiken
21500,persecute,eiken
21501,stymie,eiken
21502,annihilate,eiken
21503,pulverize,eiken
21504,override,eiken
21505,foil,eiken
21506,foist,eiken
21507,inhibit,eiken
21508,recant,eiken
21509,repudiate,eiken
21510,revile,eiken
21511,satirize,eiken
21512,recede,eiken
21513,relinquish,eiken
21514,reprieve,eiken
21515,secede,eiken
21516,slash,eiken
21517,snip,eiken
21518,snatch,eiken
21519,snitch,eiken
21520,pilfer,eiken
21521,abrogate,eiken
21522,absolve,eiken
21523,rescind,eiken
21524,decry,eiken
21525,denigrate,eiken
21526,detain,eiken
21527,disavow,eiken
21528,disdain,eiken
21529,dissemble,eiken
21530,erode,eiken
21531,corrode,eiken
21532,molt,eiken
21533,mutate,eiken
21534,bereave,eiken
21535,exorcise,eiken
21536,exploit,eiken
21537,expunge,eiken
21538,extricate,eiken
21539,extrapolate,eiken
21540,extradite,eiken
21541,execute,eiken
21542,interrogate,eiken
21543,legislate,eiken
21544,plead,eiken
21545,solicit,eiken
21546,torture,eiken
21547,scavenge,eiken
21548,scour,eiken
21549,scrabble,eiken
21550,vilify,eiken
21551,wrangle,eiken
21552,drawl,eiken
21553,elucidate,eiken
21554,percolate,eiken
21555,pervade,eiken
21556,append,eiken
21557,upend,eiken
21558,dribble,eiken
21559,gnaw,eiken
21560,regale,eiken
21561,swill,eiken
21562,snarl,eiken
21563,faze,eiken
21564,foment,eiken
21565,straddle,eiken
21566,strut,eiken
21567,swarm,eiken
21568,accrue,eiken
21569,chasten,eiken
21570,clump,eiken
21571,clutter,eiken
21572,glean,eiken
21573,hobble,eiken
21574,huddle,eiken
21575,ignite,eiken
21576,incinerate,eiken
21577,jilt,eiken
21578,prod,eiken
21579,snub,eiken
21580,sojourn,eiken
21581,tangle,eiken
21582,thrust,eiken
21583,usurp,eiken
21584,vacillate,eiken
21585,accost,eiken
21586,attenuate,eiken
21587,beguile,eiken
21588,clobber,eiken
21589,cringe,eiken
21590,dissipate,eiken
21591,downplay,eiken
21592,frazzle,eiken
21593,hoard,eiken
21594,impound,eiken
21595,irk,eiken
21596,mangle,eiken
21597,negate,eiken
21598,parry,eiken
21599,procrastinate,eiken
21600,quadruple,eiken
21601,reverberate,eiken
21602,shroud,eiken
21603,smear,eiken
21604,spell,eiken
21605,splurge,eiken
21606,squint,eiken
21607,streak,eiken
21608,strive,eiken
21609,swerve,eiken
21610,taunt,eiken
21611,throb,eiken
21612,inundate,eiken
21613,resume,eiken
21614,lapse,eiken
21615,wage,eiken
21616,confer,eiken
21617,malign,eiken
21618,conjugate,eiken
21619,decimate,eiken
21620,custody,eiken
21621,faculty,eiken
21622,municipality,eiken
21623,nucleus,eiken
21624,paucity,eiken
21625,spur,eiken
21626,proposition,eiken
21627,setback,eiken
21628,array,eiken
21629,conscience,eiken
21630,dictum,eiken
21631,fervor,eiken
21632,freight,eiken
21633,mortgage,eiken
21634,inscription,eiken
21635,latitude,eiken
21636,propriety,eiken
21637,rapport,eiken
21638,hypothesis,eiken
21639,icon,eiken
21640,dispensation,eiken
21641,deferment,eiken
21642,overture,eiken
21643,patriot,eiken
21644,pollination,eiken
21645,alliance,eiken
21646,consortium,eiken
21647,delegation,eiken
21648,coalition,eiken
21649,fraternity,eiken
21650,charade,eiken
21651,charlatan,eiken
21652,catastrophe,eiken
21653,calamity,eiken
21654,expulsion,eiken
21655,extermination,eiken
21656,annihilation,eiken
21657,outcry,eiken
21658,outrage,eiken
21659,legislature,eiken
21660,juror,eiken
21661,jurisdiction,eiken
21662,accusation,eiken
21663,indictment,eiken
21664,litigation,eiken
21665,impeachment,eiken
21666,legitimacy,eiken
21667,affidavit,eiken
21668,plaintiff,eiken
21669,perpetrator,eiken
21670,accomplice,eiken
21671,complicity,eiken
21672,plead,eiken
21673,condemnation,eiken
21674,deliberation,eiken
21675,acquittal,eiken
21676,bail,eiken
21677,detention,eiken
21678,infraction,eiken
21679,fraud,eiken
21680,espionage,eiken
21681,larceny,eiken
21682,perjury,eiken
21683,felony,eiken
21684,commutation,eiken
21685,impunity,eiken
21686,idemnity,eiken
21687,aberration,eiken
21688,onus,eiken
21689,amendment,eiken
21690,abstention,eiken
21691,annulment,eiken
21692,suffrage,eiken
21693,constituency,eiken
21694,ailment,eiken
21695,malady,eiken
21696,migraine,eiken
21697,inflammation,eiken
21698,anatomy,eiken
21699,anesthetic,eiken
21700,panacea,eiken
21701,autism,eiken
21702,neurologist,eiken
21703,orthodontist,eiken
21704,embryo,eiken
21705,pinnacle,eiken
21706,pitfall,eiken
21707,pivot,eiken
21708,precursor,eiken
21709,predator,eiken
21710,premonition,eiken
21711,prevalence,eiken
21712,precipitation,eiken
21713,preclusion,eiken
21714,predilection,eiken
21715,prevarication,eiken
21716,posterity,eiken
21717,progeny,eiken
21718,rebuttal,eiken
21719,renunciation,eiken
21720,projection,eiken
21721,prophecy,eiken
21722,propagation,eiken
21723,protagonist,eiken
21724,protrusion,eiken
21725,reconciliation,eiken
21726,referendum,eiken
21727,reparation,eiken
21728,restoration,eiken
21729,resurgence,eiken
21730,resurrection,eiken
21731,turmoil,eiken
21732,treason,eiken
21733,retaliation,eiken
21734,plot,eiken
21735,conscription,eiken
21736,infighting,eiken
21737,insurrection,eiken
21738,neutrality,eiken
21739,onrush,eiken
21740,persecution,eiken
21741,bunker,eiken
21742,debacle,eiken
21743,defector,eiken
21744,disarmament,eiken
21745,misharp,eiken
21746,fatality,eiken
21747,toll,eiken
21748,rebellion,eiken
21749,schism,eiken
21750,maneuver,eiken
21751,massacre,eiken
21752,rapprochement,eiken
21753,surveillance,eiken
21754,furlough,eiken
21755,inmate,eiken
21756,debris,eiken
21757,derelict,eiken
21758,fortification,eiken
21759,fortress,eiken
21760,fortitude,eiken
21761,inertia,eiken
21762,inhibition,eiken
21763,atheist,eiken
21764,heretic,eiken
21765,benediction,eiken
21766,benefactor,eiken
21767,blasphemy,eiken
21768,conversion,eiken
21769,consecration,eiken
21770,denomination,eiken
21771,sanctuary,eiken
21772,incarnation,eiken
21773,discontent,eiken
21774,dissonance,eiken
21775,divulgence,eiken
21776,destitution,eiken
21777,demolition,eiken
21778,depletion,eiken
21779,detriment,eiken
21780,deviation,eiken
21781,solidarity,eiken
21782,sovereignty,eiken
21783,conformist,eiken
21784,deputy,eiken
21785,envoy,eiken
21786,monarch,eiken
21787,laureate,eiken
21788,cortex,eiken
21789,molecule,eiken
21790,cognition,eiken
21791,cluster,eiken
21792,abyss,eiken
21793,affliction,eiken
21794,addendum,eiken
21795,avarice,eiken
21796,blemish,eiken
21797,brink,eiken
21798,coffer,eiken
21799,constriction,eiken
21800,dynasty,eiken
21801,entreaty,eiken
21802,epitaph,eiken
21803,foray,eiken
21804,hermit,eiken
21805,impurity,eiken
21806,instignia,eiken
21807,jubilee,eiken
21808,ledger,eiken
21809,malleability,eiken
21810,repose,eiken
21811,precinct,eiken
21812,pseudoscience,eiken
21813,resonance,eiken
21814,sanctity,eiken
21815,sanitation,eiken
21816,savvy,eiken
21817,servitude,eiken
21818,stealth,eiken
21819,swamp,eiken
21820,tyranny,eiken
21821,velocity,eiken
21822,vestige,eiken
21823,volition,eiken
21824,adulation,eiken
21825,anachronism,eiken
21826,arrears,eiken
21827,autonomy,eiken
21828,captive,eiken
21829,clamor,eiken
21830,contrivance,eiken
21831,decoy,eiken
21832,epiphany,eiken
21833,equilibrium,eiken
21834,leeway,eiken
21835,leverage,eiken
21836,linkage,eiken
21837,migration,eiken
21838,periphery,eiken
21839,quantum,eiken
21840,quorum,eiken
21841,rancor,eiken
21842,ransom,eiken
21843,sabotage,eiken
21844,scapegoat,eiken
21845,scheme,eiken
21846,segregation,eiken
21847,seismology,eiken
21848,shackle,eiken
21849,showdown,eiken
21850,splinter,eiken
21851,spree,eiken
21852,stipend,eiken
21853,subsidence,eiken
21854,sway,eiken
21855,tariff,eiken
21856,testimonial,eiken
21857,triumph,eiken
21858,upshot,eiken
21859,verge,eiken
21860,simulation,eiken
21861,diatribe,eiken
21862,electoral,eiken
21863,incumbent,eiken
21864,aboveboard,eiken
21865,fatally,eiken
21866,neural,eiken
21867,ongoing,eiken
21868,flawed,eiken
21869,imposing,eiken
21870,mundane,eiken
21871,cohesive,eiken
21872,daunting,eiken
21873,disproportionately,eiken
21874,gallant,eiken
21875,hefty,eiken
21876,holistic,eiken
21877,interminable,eiken
21878,posthumously,eiken
21879,sustainable,eiken
21880,obsessive,eiken
21881,retentive,eiken
21882,venerable,eiken
21883,idiosyncratic,eiken
21884,condescending,eiken
21885,clairvoyant,eiken
21886,distractedly,eiken
21887,chaotic,eiken
21888,de facto,eiken
21889,state-of-the-art,eiken
21890,logistically,eiken
21891,tribally,eiken
21892,cardiovascular,eiken
21893,carnivorous,eiken
21894,potent,eiken
21895,arrogant,eiken
21896,acute,eiken
21897,astute,eiken
21898,preemptive,eiken
21899,prescient,eiken
21900,preferential,eiken
21901,prophetic,eiken
21902,provident,eiken
21903,prodigious,eiken
21904,profuse,eiken
21905,profane,eiken
21906,promiscuous,eiken
21907,probationary,eiken
21908,prolonged,eiken
21909,provincial,eiken
21910,provisional,eiken
21911,extraterrestrial,eiken
21912,exempt,eiken
21913,exorbitant,eiken
21914,extravagant,eiken
21915,fervent,eiken
21916,vehement,eiken
21917,frantic,eiken
21918,fanatically,eiken
21919,coherent,eiken
21920,constitutional,eiken
21921,cognitive,eiken
21922,contradictory,eiken
21923,controversial,eiken
21924,conciliatory,eiken
21925,defamatory,eiken
21926,deferential,eiken
21927,derisive,eiken
21928,despondent,eiken
21929,despicable,eiken
21930,diabolic,eiken
21931,disconcerting,eiken
21932,dismissive,eiken
21933,disparate,eiken
21934,dispensable,eiken
21935,dissenting,eiken
21936,distraught,eiken
21937,diminutive,eiken
21938,impalpable,eiken
21939,imperious,eiken
21940,impermeable,eiken
21941,implacable,eiken
21942,impregnable,eiken
21943,impersonal,eiken
21944,impudent,eiken
21945,stalwart,eiken
21946,staunch,eiken
21947,stolid,eiken
21948,suave,eiken
21949,incongruous,eiken
21950,inconsequential,eiken
21951,indiscriminate,eiken
21952,insidious,eiken
21953,insipid,eiken
21954,insolent,eiken
21955,insubstantial,eiken
21956,insurmountable,eiken
21957,intrepid,eiken
21958,indelible,eiken
21959,insolvent,eiken
21960,wanton,eiken
21961,abhorrent,eiken
21962,abominable,eiken
21963,heinous,eiken
21964,incremental,eiken
21965,indebted,eiken
21966,insurgent,eiken
21967,inflamed,eiken
21968,indignant,eiken
21969,incipient,eiken
21970,unabashedly,eiken
21971,untenable,eiken
21972,precipitous,eiken
21973,predatory,eiken
21974,presumptuous,eiken
21975,pretentious,eiken
21976,cagey,eiken
21977,cryptic,eiken
21978,furtive,eiken
21979,adversarial,eiken
21980,mutinous,eiken
21981,averse,eiken
21982,truculent,eiken
21983,abrasive,eiken
21984,irascible,eiken
21985,agrarian,eiken
21986,forensic,eiken
21987,ornithological,eiken
21988,statutory,eiken
21989,empirically,eiken
21990,erudite,eiken
21991,esoteric,eiken
21992,perilous,eiken
21993,pernicious,eiken
21994,intriguing,eiken
21995,intuitive,eiken
21996,incisive,eiken
21997,pungent,eiken
21998,rampant,eiken
21999,rapacious,eiken
22000,haggard,eiken
22001,harrowing,eiken
22002,glib,eiken
22003,verbose,eiken
22004,loquacious,eiken
22005,vociferous,eiken
22006,taciturn,eiken
22007,muffled,eiken
22008,boisterous,eiken
22009,rhetorically,eiken
22010,euphoric,eiken
22011,expedient,eiken
22012,felicitous,eiken
22013,languid,eiken
22014,sullen,eiken
22015,jaded,eiken
22016,morose,eiken
22017,fastidious,eiken
22018,malignant,eiken
22019,venomous,eiken
22020,virulent,eiken
22021,penitent,eiken
22022,ascetic,eiken
22023,juvenile,eiken
22024,adjunct,eiken
22025,analogous,eiken
22026,askew,eiken
22027,ablaze,eiken
22028,agape,eiken
22029,agnostic,eiken
22030,ambient,eiken
22031,anemic,eiken
22032,attuned,eiken
22033,burnished,eiken
22034,bungling,eiken
22035,cavernous,eiken
22036,inveterate,eiken
22037,cumulative,eiken
22038,fiendish,eiken
22039,fortuitously,eiken
22040,grudgingly,eiken
22041,ignominious,eiken
22042,irrevocable,eiken
22043,illiberal,eiken
22044,subversive,eiken
22045,iridescent,eiken
22046,kindred,eiken
22047,superficial,eiken
22048,malleable,eiken
22049,microscopically,eiken
22050,murky,eiken
22051,nimble,eiken
22052,onerous,eiken
22053,pallid,eiken
22054,phenomenal,eiken
22055,reprehensible,eiken
22056,sectarian,eiken
22057,seditious,eiken
22058,upscale,eiken
22059,void,eiken
22060,volatile,eiken
22061,bent,eiken
22062,berserk,eiken
22063,cerebral,eiken
22064,contingent,eiken
22065,culpable,eiken
22066,demure,eiken
22067,droll,eiken
22068,frigid,eiken
22069,gaunt,eiken
22070,gluttonous,eiken
22071,moot,eiken
22072,munificent,eiken
22073,narrowly,eiken
22074,notoriously,eiken
22075,oblique,eiken
22076,obtrusive,eiken
22077,odious,eiken
22078,ominus,eiken
22079,opulent,eiken
22080,famished,eiken
22081,recurrent,eiken
22082,replete,eiken
22083,senile,eiken
22084,sheer,eiken
22085,sleek,eiken
22086,snide,eiken
22087,sturdily,eiken
22088,sumptuous,eiken
22089,taut,eiken
22090,tenuous,eiken
22091,terse,eiken
22092,translucent,eiken
22093,upstage,eiken
22094,vigilant,eiken
22095,critical,eiken
22096,obtuse,eiken
22097,flawless,eiken
22098,intact,eiken
22099,voluptuous,eiken
22100,identical,eiken
