word_id,word,source
1,lucrative,derujun
2,squander,derujun
3,flimsy,derujun
4,incision,derujun
5,lethargic,derujun
6,pinnacle,derujun
7,allay,derujun
8,feat,derujun
9,ransack,derujun
10,caustic,derujun
11,frivolous,derujun
12,latitude,derujun
13,adept,derujun
14,avid,derujun
15,asylum,derujun
16,placate,derujun
17,pristine,derujun
18,blatantly,derujun
19,attire,derujun
20,offshot,derujun
21,gullible,derujun
22,hindsight,derujun
23,ambush,derujun
24,zenith,derujun
25,prognosis,derujun
26,meticulous,derujun
27,acrimony,derujun
28,propensity,derujun
29,entice,derujun
30,alienate,derujun
31,exonerate,derujun
32,clamor,derujun
33,respite,derujun
34,huddle,derujun
35,figment,derujun
36,tenacious,derujun
37,extol,derujun
38,aversion,derujun
39,immaculate,derujun
40,gregarious,derujun
41,ostracize,derujun
42,uncouth,derujun
43,salient,derujun
44,mayhem,derujun
45,defunct,derujun
46,petrify,derujun
47,invoke,derujun
48,rebuke,derujun
49,accolade,derujun
50,solace,derujun
51,fervent,derujun
52,apathetic,derujun
53,catalyst,derujun
54,wane,derujun
55,clout,derujun
56,override,derujun
57,secede,derujun
58,appall,derujun
59,debunk,derujun
60,vent,derujun
61,recuperate,derujun
62,epitomize,derujun
63,rift,derujun
64,divulge,derujun
65,dwindle,derujun
66,denote,derujun
67,exodus,derujun
68,hereditary,derujun
69,corroborate,derujun
70,inscrutable,derujun
71,emaciated,derujun
72,affront,derujun
73,fiasco,derujun
74,aloof,derujun
75,altruistic,derujun
76,quandary,derujun
77,embellish,derujun
78,renege,derujun
79,nudge,derujun
80,indoctrinate,derujun
81,remorse,derujun
82,delude,derujun
83,defuse,derujun
84,precarious,derujun
85,feign,derujun
86,abject,derujun
87,ulterior,derujun
88,lambaste,derujun
89,commiserate,derujun
90,flagrant,derujun
91,flout,derujun
92,inculcate,derujun
93,infer,derujun
94,emulate,derujun
95,alleviate,derujun
96,staunch,derujun
97,disseminate,derujun
98,baffle,derujun
99,menial,derujun
100,candid,derujun
101,irate,derujun
102,clique,derujun
103,sporadic,derujun
104,abate,derujun
105,idyllic,derujun
106,exquisite,derujun
107,tarnish,derujun
108,vindicate,derujun
109,auspicious,derujun
110,fastidious,derujun
111,encapsulate,derujun
112,deferential,derujun
113,annex,derujun
114,pungent,derujun
115,conjecture,derujun
116,muster,derujun
117,forfeit,derujun
118,murky,derujun
119,bigotry,derujun
120,augment,derujun
121,reiterate,derujun
122,compunction,derujun
123,deluge,derujun
124,diffident,derujun
125,mollify,derujun
126,torment,derujun
127,douse,derujun
128,debacle,derujun
129,backlog,derujun
130,resplendent,derujun
131,quaint,derujun
132,tepid,derujun
133,malleable,derujun
134,poignant,derujun
135,exude,derujun
136,plague,derujun
137,detrimental,derujun
138,inadvertently,derujun
139,culminate,derujun
140,mundane,derujun
141,succumb,derujun
142,vicinity,derujun
143,perk,derujun
144,fluctuate,derujun
145,insurmountable,derujun
146,impending,derujun
147,contentious,derujun
148,retaliation,derujun
149,circumvent,derujun
150,tout,derujun
151,refute,derujun
152,animosity,derujun
153,fugitive,derujun
154,ramification,derujun
155,adamant,derujun
156,languish,derujun
157,gall,derujun
158,meddle,derujun
159,reprimand,derujun
160,engrossed,derujun
161,anesthetic,derujun
162,plunder,derujun
163,grueling,derujun
164,precursor,derujun
165,brunt,derujun
166,litany,derujun
167,repercussion,derujun
168,rationale,derujun
169,clandestine,derujun
170,irreparably,derujun
171,preemptive,derujun
172,subvert,derujun
173,liquidate,derujun
174,fruition,derujun
175,consternation,derujun
176,garner,derujun
177,predicament,derujun
178,contingency,derujun
179,salvage,derujun
180,barrage,derujun
181,deterrent,derujun
182,berate,derujun
183,bask,derujun
184,belligerent,derujun
185,rebut,derujun
186,eulogy,derujun
187,commotion,derujun
188,accomplice,derujun
189,fallacy,derujun
190,plagiarize,derujun
191,conflagration,derujun
192,obtrusive,derujun
193,adroit,derujun
194,enmity,derujun
195,excruciating,derujun
196,versatility,derujun
197,foliage,derujun
198,bequeath,derujun
199,cavalier,derujun
200,caliber,derujun
201,valiant,derujun
202,incontrovertible,derujun
203,camaraderie,derujun
204,embezzle,derujun
205,drab,derujun
206,scruple,derujun
207,feud,derujun
208,brash,derujun
209,encrypt,derujun
210,apprehend,derujun
211,pique,derujun
212,infest,derujun
213,gloat,derujun
214,archaic,derujun
215,veer,derujun
216,quell,derujun
217,savor,derujun
218,frugal,derujun
219,unscathed,derujun
220,glut,derujun
221,knack,derujun
222,farce,derujun
223,interject,derujun
224,marginally,derujun
225,broach,derujun
226,misgiving,derujun
227,reconnaissance,derujun
228,infatuated,derujun
229,incoherent,derujun
230,morale,derujun
231,substantiate,derujun
232,erroneous,derujun
233,exacerbate,derujun
234,elusive,derujun
235,stifle,derujun
236,hatch,derujun
237,exorbitant,derujun
238,confiscate,derujun
239,curtail,derujun
240,cessation,derujun
241,relegate,derujun
242,bolster,derujun
243,reparation,derujun
244,turmoil,derujun
245,conjure,derujun
246,permeate,derujun
247,gist,derujun
248,prolific,derujun
249,admonish,derujun
250,rout,derujun
251,disband,derujun
252,somber,derujun
253,annotation,derujun
254,untenable,derujun
255,assuage,derujun
256,flounder,derujun
257,pander,derujun
258,overt,derujun
259,antagonistic,derujun
260,budge,derujun
261,sedentary,derujun
262,accentuate,derujun
263,ember,derujun
264,engender,derujun
265,inundate,derujun
266,rampage,derujun
267,echelon,derujun
268,disdain,derujun
269,eschew,derujun
270,palatable,derujun
271,referendum,derujun
272,fickle,derujun
273,tantamount,derujun
274,placid,derujun
275,heave,derujun
276,scrawl,derujun
277,implore,derujun
278,accost,derujun
279,erratic,derujun
280,absolve,derujun
281,hoard,derujun
282,euphoric,derujun
283,incarcerate,derujun
284,brevity,derujun
285,pamper,derujun
286,culpable,derujun
287,impervious,derujun
288,prowess,derujun
289,nonchalant,derujun
290,dawdle,derujun
291,capitulate,derujun
292,rebuff,derujun
293,pedantic,derujun
294,squeamish,derujun
295,diatribe,derujun
296,reprehensible,derujun
297,cryptic,derujun
298,exuberant,derujun
299,pallid,derujun
300,acrid,derujun
301,penchant,derujun
302,vigil,derujun
303,sheepishly,derujun
304,unkempt,derujun
305,wince,derujun
306,dilapidated,derujun
307,blemish,derujun
308,paltry,derujun
309,ambivalent,derujun
310,hermit,derujun
311,quench,derujun
312,dispel,derujun
313,wrath,derujun
314,polarize,derujun
315,condolence,derujun
316,charlatan,derujun
317,succinct,derujun
318,infraction,derujun
319,detract,derujun
320,gorge,derujun
321,acquittal,derujun
322,lurch,derujun
323,adorn,derujun
324,rubble,derujun
325,homage,derujun
326,stint,derujun
327,procure,derujun
328,mortify,derujun
329,fret,derujun
330,denigrate,derujun
331,consecrate,derujun
332,ultimatum,derujun
333,fidelity,derujun
334,premium,derujun
335,susceptible,derujun
336,debris,derujun
337,revitalize,derujun
338,instill,derujun
339,hassle,derujun
340,opt,derujun
341,disparate,derujun
342,elicit,derujun
343,robust,derujun
344,shun,derujun
345,nomadic,derujun
346,disperse,derujun
347,havoc,derujun
348,mar,derujun
349,inception,derujun
350,resurgence,derujun
351,delve,derujun
352,embed,derujun
353,bestow,derujun
354,stringent,derujun
355,dissipate,derujun
356,hoax,derujun
357,astound,derujun
358,reinstate,derujun
359,momentous,derujun
360,adjunct,derujun
361,evade,derujun
362,benign,derujun
363,concession,derujun
364,enlighten,derujun
365,preclude,derujun
366,treacherous,derujun
367,besiege,derujun
368,impeccable,derujun
369,flaunt,derujun
370,revamp,derujun
371,stake,derujun
372,opulent,derujun
373,frigid,derujun
374,embargo,derujun
375,blur,derujun
376,bemoan,derujun
377,impasse,derujun
378,inconspicuous,derujun
379,derelict,derujun
380,meager,derujun
381,decry,derujun
382,botch,derujun
383,bout,derujun
384,collateral,derujun
385,impediment,derujun
386,precocious,derujun
387,mediocre,derujun
388,negligent,derujun
389,kickback,derujun
390,requisite,derujun
391,exemplary,derujun
392,defiance,derujun
393,concerted,derujun
394,banter,derujun
395,antiseptic,derujun
396,incessant,derujun
397,allegiance,derujun
398,delinquent,derujun
399,prod,derujun
400,coerce,derujun
401,pertinent,derujun
402,arbitrary,derujun
403,stagnant,derujun
404,bane,derujun
405,morbid,derujun
406,purge,derujun
407,pervasive,derujun
408,appraise,derujun
409,nullify,derujun
410,tacit,derujun
411,swerve,derujun
412,perpetrate,derujun
413,reclusive,derujun
414,onus,derujun
415,cinch,derujun
416,mesmerize,derujun
417,lurid,derujun
418,exhort,derujun
419,throng,derujun
420,thwart,derujun
421,insinuate,derujun
422,canvass,derujun
423,complacent,derujun
424,innuendo,derujun
425,clench,derujun
426,astute,derujun
427,levity,derujun
428,falter,derujun
429,copious,derujun
430,retort,derujun
431,wilt,derujun
432,accrue,derujun
433,reprieve,derujun
434,rehash,derujun
435,congregate,derujun
436,demure,derujun
437,mock,derujun
438,abscond,derujun
439,ebb,derujun
440,dissuade,derujun
441,repudiate,derujun
442,deposition,derujun
443,retention,derujun
444,propagation,derujun
445,cringe,derujun
446,unruly,derujun
447,dislodge,derujun
448,tactful,derujun
449,derisive,derujun
450,blunder,derujun
451,proliferate,derujun
452,boisterous,derujun
453,coax,derujun
454,teem,derujun
455,pariah,derujun
456,vanity,derujun
457,cumbersome,derujun
458,deplorable,derujun
459,extrovert,derujun
460,bravado,derujun
461,dogmatic,derujun
462,lavish,derujun
463,contrieve,derujun
464,slur,derujun
465,omen,derujun
466,imposition,derujun
467,abdicate,derujun
468,swindle,derujun
469,slouch,derujun
470,lanky,derujun
471,reprisal,derujun
472,desolate,derujun
473,perennial,derujun
474,bluff,derujun
475,squirm,derujun
476,transpire,derujun
477,aboveboard,derujun
478,eminent,derujun
479,discerning,derujun
480,labyrinth,derujun
481,conciliate,derujun
482,perfunctory,derujun
483,repatriate,derujun
484,traverse,derujun
485,bridle,derujun
486,queasy,derujun
487,grapple,derujun
488,livid,derujun
489,zeal,derujun
490,stupor,derujun
491,harrowing,derujun
492,brazen,derujun
493,elucidation,derujun
494,repel,derujun
495,scamper,derujun
496,meander,derujun
497,despondent,derujun
498,wade,derujun
499,inquisitive,derujun
500,chastise,derujun
501,retard,derujun
502,complexion,derujun
503,constellation,derujun
504,imbue,derujun
505,frenetic,derujun
506,snag,derujun
507,rummage,derujun
508,condone,derujun
509,brusquely,derujun
510,derogatory,derujun
511,oblique,derujun
512,rumble,derujun
513,goad,derujun
514,deduce,derujun
515,awry,derujun
516,dearth,derujun
517,detest,derujun
518,agility,derujun
519,uncanny,derujun
520,wager,derujun
521,peruse,derujun
522,invincible,derujun
523,plenary,derujun
524,litigate,derujun
525,juncture,derujun
526,sleek,derujun
527,indulge,derujun
528,truce,derujun
529,facetious,derujun
530,prelude,derujun
531,libel,derujun
532,dangle,derujun
533,adjourn,derujun
534,plausible,derujun
535,altercation,derujun
536,convoluted,derujun
537,immune,derujun
538,replicate,derujun
539,deter,derujun
540,aggravate,derujun
541,strain,derujun
542,faction,derujun
543,demise,derujun
544,lethal,derujun
545,counterfeit,derujun
546,avert,derujun
547,forensic,derujun
548,negate,derujun
549,feasible,derujun
550,diminish,derujun
551,forge,derujun
552,vie,derujun
553,waive,derujun
554,onset,derujun
555,slack,derujun
556,precedent,derujun
557,stark,derujun
558,anomaly,derujun
559,alleged,derujun
560,entrench,derujun
561,deportation,derujun
562,verdict,derujun
563,strand,derujun
564,eclipse,derujun
565,culprit,derujun
566,prerequisite,derujun
567,cohesive,derujun
568,covert,derujun
569,hub,derujun
570,plight,derujun
571,spearhead,derujun
572,installment,derujun
573,exemplify,derujun
574,daunting,derujun
575,momentum,derujun
576,proximity,derujun
577,ubiquitous,derujun
578,arid,derujun
579,obscurity,derujun
580,banal,derujun
581,encroach,derujun
582,blister,derujun
583,longevity,derujun
584,verification,derujun
585,envoy,derujun
586,incur,derujun
587,gauge,derujun
588,foster,derujun
589,smuggle,derujun
590,eviction,derujun
591,lurk,derujun
592,dire,derujun
593,wreak,derujun
594,burgeon,derujun
595,cumulative,derujun
596,fraught,derujun
597,decipher,derujun
598,adherent,derujun
599,bombardment,derujun
600,juggle,derujun
601,explicit,derujun
602,insulate,derujun
603,pivotal,derujun
604,expedite,derujun
605,subdued,derujun
606,destitute,derujun
607,grievance,derujun
608,arduous,derujun
609,oblivious,derujun
610,recoup,derujun
611,demoralize,derujun
612,fraudulent,derujun
613,frantic,derujun
614,incremental,derujun
615,afflict,derujun
616,plummet,derujun
617,stunt,derujun
618,liable,derujun
619,premise,derujun
620,demolition,derujun
621,turbulent,derujun
622,allot,derujun
623,dissect,derujun
624,provision,derujun
625,hone,derujun
626,jeopardy,derujun
627,disintegration,derujun
628,misnomer,derujun
629,pitfall,derujun
630,meekly,derujun
631,terrain,derujun
632,brew,derujun
633,pseudonym,derujun
634,stealth,derujun
635,mosaic,derujun
636,ponder,derujun
637,flex,derujun
638,testament,derujun
639,prudence,derujun
640,adjacent,derujun
641,confederation,derujun
642,chant,derujun
643,endemic,derujun
644,unravel,derujun
645,curfew,derujun
646,spate,derujun
647,infringe,derujun
648,crackdown,derujun
649,reminiscent,derujun
650,aptitude,derujun
651,regenerate,derujun
652,fixture,derujun
653,perplexed,derujun
654,dissident,derujun
655,rapport,derujun
656,typify,derujun
657,impunity,derujun
658,novice,derujun
659,amnesty,derujun
660,ablaze,derujun
661,stipulation,derujun
662,commune,derujun
663,chronic,derujun
664,protocol,derujun
665,temper,derujun
666,retrospect,derujun
667,interim,derujun
668,capitalize,derujun
669,antithesis,derujun
670,ordinance,derujun
671,align,derujun
672,repeal,derujun
673,underscore,derujun
674,ardent,derujun
675,depreciate,derujun
676,hype,derujun
677,adversary,derujun
678,moratorium,derujun
679,ailing,derujun
680,relentless,derujun
681,transient,derujun
682,orchestrate,derujun
683,sprout,derujun
684,assail,derujun
685,affable,derujun
686,disheveled,derujun
687,insatiable,derujun
688,defraud,derujun
689,arcane,derujun
690,autonomously,derujun
691,distraught,derujun
692,affix,derujun
693,wayward,derujun
694,allude,derujun
695,cordon,derujun
696,tatter,derujun
697,careen,derujun
698,haggle,derujun
699,contrition,derujun
700,woo,derujun
701,retroactively,derujun
702,rowdy,derujun
703,stump,derujun
704,protrude,derujun
705,laudable,derujun
706,chauvinism,derujun
707,skirmish,derujun
708,austerity,derujun
709,abort,derujun
710,pry,derujun
711,connoisseur,derujun
712,impassive,derujun
713,extenuating,derujun
714,nocturnal,derujun
715,squalid,derujun
716,posthumous,derujun
717,maneuver,derujun
718,brawl,derujun
719,chiseled,derujun
720,deadlock,derujun
721,zest,derujun
722,omit,derujun
723,audacity,derujun
724,devoid,derujun
725,malaise,derujun
726,avenge,derujun
727,blare,derujun
728,regurgitate,derujun
729,convene,derujun
730,sever,derujun
731,scuttle,derujun
732,intravenous,derujun
733,surreptitiously,derujun
734,painstaking,derujun
735,illegible,derujun
736,ratification,derujun
737,scam,derujun
738,equitable,derujun
739,innately,derujun
740,grudge,derujun
741,optimum,derujun
742,converge,derujun
743,snowball,derujun
744,abridged,derujun
745,thrifty,derujun
746,mutter,derujun
747,enunciate,derujun
748,inhale,derujun
749,consighment,derujun
750,frazzled,derujun
751,irrepressible,derujun
752,debrief,derujun
753,expropriate,derujun
754,relish,derujun
755,atrocious,derujun
756,infuse,derujun
757,assiduous,derujun
758,detonate,derujun
759,sumptuous,derujun
760,hurtle,derujun
761,profusion,derujun
762,perspire,derujun
763,impromptu,derujun
764,indiscretion,derujun
765,catapult,derujun
766,jest,derujun
767,teeter,derujun
768,footage,derujun
769,amiable,derujun
770,idly,derujun
771,balk,derujun
772,degenerate,derujun
773,secrete,derujun
774,quizzical,derujun
775,dazzle,derujun
776,upshot,derujun
777,dupe,derujun
778,insurgency,derujun
779,proscribe,derujun
780,slam,derujun
781,glitch,derujun
782,arable,derujun
783,rant,derujun
784,recurrent,derujun
785,orator,derujun
786,bail,derujun
787,bogus,derujun
788,query,derujun
789,frisk,derujun
790,secluded,derujun
791,infallible,derujun
792,expletive,derujun
793,clinch,derujun
794,congenial,derujun
795,headway,derujun
796,complicity,derujun
797,memento,derujun
798,commensurate,derujun
799,dormant,derujun
800,haven,derujun
801,forgo,derujun
802,rife,derujun
803,restraint,derujun
804,tentative,derujun
805,stammer,derujun
806,yardstick,derujun
807,rudimentary,derujun
808,cliched,derujun
809,gust,derujun
810,redress,derujun
811,curt,derujun
812,ensconce,derujun
813,revel,derujun
814,premediated,derujun
815,intermittently,derujun
816,transitory,derujun
817,imprudent,derujun
818,avail,derujun
819,wrest,derujun
820,abet,derujun
821,confound,derujun
822,intrinsic,derujun
823,oust,derujun
824,disparage,derujun
825,brandish,derujun
826,relapse,derujun
827,morsel,derujun
828,excavate,derujun
829,volatile,derujun
830,devious,derujun
831,tenet,derujun
832,appease,derujun
833,instigate,derujun
834,resonate,derujun
835,obliterate,derujun
836,jostle,derujun
837,hunch,derujun
838,lament,derujun
839,trample,derujun
840,squabble,derujun
841,resilient,derujun
842,void,derujun
843,innocuous,derujun
844,taunt,derujun
845,reverberate,derujun
846,illustrious,derujun
847,verbose,derujun
848,gallant,derujun
849,pulverize,derujun
850,forlorn,derujun
851,inveterate,derujun
852,pester,derujun
853,mirage,derujun
854,ingratiate,derujun
855,transgression,derujun
856,usurp,derujun
857,exasperate,derujun
858,resusciate,derujun
859,sojourn,derujun
860,parry,derujun
861,pageant,derujun
862,omniscient,derujun
863,propitious,derujun
864,fumble,derujun
865,enumerate,derujun
866,petulant,derujun
867,hamper,derujun
868,dismantle,derujun
869,stigma,derujun
870,deviate,derujun
871,fortify,derujun
872,cerebral,derujun
873,coalesce,derujun
874,forage,derujun
875,hedge,derujun
876,shackle,derujun
877,relinquish,derujun
878,smear,derujun
879,benevolent,derujun
880,scourge,derujun
881,segregate,derujun
882,preside,derujun
883,circumspect,derujun
884,conglomeration,derujun
885,venerable,derujun
886,combustion,derujun
887,illicit,derujun
888,sequester,derujun
889,sustenance,derujun
890,subjugate,derujun
891,covet,derujun
892,abominable,derujun
893,soggy,derujun
894,precipitate,derujun
895,foray,derujun
896,prodigy,derujun
897,allure,derujun
898,decoy,derujun
899,furtive,derujun
900,snub,derujun
901,irascible,derujun
902,rejuvenate,derujun
903,glean,derujun
904,emanate,derujun
905,rectify,derujun
906,garnish,derujun
907,insular,derujun
908,extricate,derujun
909,recant,derujun
910,dreary,derujun
911,morose,derujun
912,trite,derujun
913,ornate,derujun
914,decrepit,derujun
915,impalpable,derujun
916,sham,derujun
917,prevaricate,derujun
918,renunciation,derujun
919,sluggish,derujun
920,regress,derujun
921,superfluous,derujun
922,enthrall,derujun
923,perforation,derujun
924,debase,derujun
925,vestige,derujun
926,proviso,derujun
927,remission,derujun
928,foment,derujun
929,travesty,derujun
930,procastinate,derujun
931,nebulous,derujun
932,clump,derujun
933,tally,derujun
934,saturate,derujun
935,rendition,derujun
936,pensive,derujun
937,charade,derujun
938,caricature,derujun
939,entangle,derujun
940,piety,derujun
941,babble,derujun
942,propel,derujun
943,vanquish,derujun
944,revoke,derujun
945,precinct,derujun
946,inaugurate,derujun
947,insipid,derujun
948,indignant,derujun
949,premonition,derujun
950,dexterity,derujun
951,wrench,derujun
952,ecstatic,derujun
953,quirk,derujun
954,regale,derujun
955,vacillate,derujun
956,concoct,derujun
957,pilfer,derujun
958,prescient,derujun
959,suffocate,derujun
960,intrepid,derujun
961,matrimony,derujun
962,subservient,derujun
963,interlude,derujun
964,decorum,derujun
965,rescind,derujun
966,ruse,derujun
967,undermine,derujun
968,scarcity,derujun
969,profound,derujun
970,deploy,derujun
971,denounce,derujun
972,slash,derujun
973,liaison,derujun
974,rigorous,derujun
975,mitigate,derujun
976,imperative,derujun
977,depict,derujun
978,amass,derujun
979,dissent,derujun
980,replenish,derujun
981,tangible,derujun
982,splurge,derujun
983,savvy,derujun
984,acclaim,derujun
985,gadget,derujun
986,postulate,derujun
987,manifest,derujun
988,affinity,derujun
989,revert,derujun
990,vilify,derujun
991,incapacitate,derujun
992,calamity,derujun
993,mortality,derujun
994,onslaught,derujun
995,revelation,derujun
996,lull,derujun
997,surmise,derujun
998,harness,derujun
999,solicit,derujun
1000,dispatch,derujun
1001,multitude,derujun
1002,supplant,derujun
1003,imminent,derujun
1004,wrangle,derujun
1005,scour,derujun
1006,threshold,derujun
1007,dividend,derujun
1008,pundit,derujun
1009,incubate,derujun
1010,attrition,derujun
1011,incense,derujun
1012,poach,derujun
1013,intercept,derujun
1014,deceased,derujun
1015,straddle,derujun
1016,corrode,derujun
1017,nurture,derujun
1018,connotation,derujun
1019,anecdotal,derujun
1020,smother,derujun
1021,tilt,derujun
1022,embroil,derujun
1023,exponent,derujun
1024,impeach,derujun
1025,residual,derujun
1026,boon,derujun
1027,retract,derujun
1028,insurrection,derujun
1029,dispassionate,derujun
1030,wanton,derujun
1031,fray,derujun
1032,defame,derujun
1033,veto,derujun
1034,buoyant,derujun
1035,invert,derujun
1036,invigorate,derujun
1037,tyranny,derujun
1038,stitch,derujun
1039,nimble,derujun
1040,infiltrate,derujun
1041,persecute,derujun
1042,colloquial,derujun
1043,trajectory,derujun
1044,spurn,derujun
1045,upend,derujun
1046,conscientious,derujun
1047,onerous,derujun
1048,tycoon,derujun
1049,precept,derujun
1050,modulate,derujun
1051,unwitting,derujun
1052,espouse,derujun
1053,inept,derujun
1054,ostensible,derujun
1055,haphazardly,derujun
1056,opaque,derujun
1057,latent,derujun
1058,extradite,derujun
1059,revile,derujun
1060,configuration,derujun
1061,veracity,derujun
1062,odious,derujun
1063,languid,derujun
1064,mangle,derujun
1065,extrapolate,derujun
1066,terse,derujun
1067,distend,derujun
1068,scoff,derujun
1069,felony,derujun
1070,bucolic,derujun
1071,truncate,derujun
1072,cordially,derujun
1073,amity,derujun
1074,truculent,derujun
1075,luminous,derujun
1076,ruffle,derujun
1077,incongruous,derujun
1078,bellow,derujun
1079,decree,derujun
1080,remuneration,derujun
1081,coarse,derujun
1082,dissertation,derujun
1083,conveyance,derujun
1084,periphery,derujun
1085,extraneous,derujun
1086,enchant,derujun
1087,infantile,derujun
1088,acclimate,derujun
1089,abstinence,derujun
1090,reverie,derujun
1091,tether,derujun
1092,gratify,derujun
1093,pompous,derujun
1094,scruffy,derujun
1095,censure,derujun
1096,flinch,derujun
1097,duplicity,derujun
1098,apparition,derujun
1099,spillage,derujun
1100,stampede,derujun
1101,clemency,derujun
1102,chide,derujun
1103,trudge,derujun
1104,edify,derujun
1105,sordid,derujun
1106,alacrity,derujun
1107,ludicrous,derujun
1108,vehement,derujun
1109,annulment,derujun
1110,docile,derujun
1111,bombastic,derujun
1112,erudite,derujun
1113,pernicious,derujun
1114,felicity,derujun
1115,scrounge,derujun
1116,laborious,derujun
1117,incinerate,derujun
1118,twitch,derujun
1119,strident,derujun
1120,inclination,derujun
1121,clobber,derujun
1122,perturb,derujun
1123,billow,derujun
1124,reticent,derujun
1125,extrinsic,derujun
1126,encumber,derujun
1127,restitution,derujun
1128,impel,derujun
1129,rankle,derujun
1130,absurdity,derujun
1131,onrush,derujun
1132,cogitate,derujun
1133,gnaw,derujun
1134,ingenious,derujun
1135,deity,derujun
1136,accede,derujun
1137,entwine,derujun
1138,lubricate,derujun
1139,paucity,derujun
1140,virulent,derujun
1141,debonair,derujun
1142,deprecate,derujun
1143,incriminate,derujun
1144,pare,derujun
1145,sullen,derujun
1146,delirious,derujun
1147,schism,derujun
1148,rendezvous,derujun
1149,hibernate,derujun
1150,egregious,derujun
1151,equilibrium,derujun
1152,prodigious,derujun
1153,tinge,derujun
1154,drool,derujun
1155,dainty,derujun
1156,heist,derujun
1157,facet,derujun
1158,anoint,derujun
1159,malevolent,derujun
1160,prowl,derujun
1161,beguile,derujun
1162,dissonance,derujun
1163,incumbent,derujun
1164,maim,derujun
1165,remnant,derujun
1166,topple,derujun
1167,impertinent,derujun
1168,aberration,derujun
1169,chuckle,derujun
1170,presumptuous,derujun
1171,chasten,derujun
1172,percolate,derujun
1173,jiggle,derujun
1174,trepidation,derujun
1175,capricious,derujun
1176,crumple,derujun
1177,epiphany,derujun
1178,elated,derujun
1179,nominally,derujun
1180,abrasive,derujun
1181,platitude,derujun
1182,aspiration,derujun
1183,abhorrent,derujun
1184,auxiliary,derujun
1185,nibble,derujun
1186,penitent,derujun
1187,embitter,derujun
1188,bungle,derujun
1189,hobble,derujun
1190,satirize,derujun
1191,spree,derujun
1192,improvise,derujun
1193,irk,derujun
1194,jeer,derujun
1195,flippant,derujun
1196,predilection,derujun
1197,enigmatic,derujun
1198,allegory,derujun
1199,trickle,derujun
1200,inanimate,derujun
1201,adjudicate,derujun
1202,connive,derujun
1203,condescending,derujun
1204,dank,derujun
1205,cursory,derujun
1206,faze,derujun
1207,suave,derujun
1208,conducive,derujun
1209,obfuscate,derujun
1210,sanctity,derujun
1211,elocution,derujun
1212,amenable,derujun
1213,creed,derujun
1214,cranky,derujun
1215,disposition,derujun
1216,enliven,derujun
1217,insolent,derujun
1218,ambient,derujun
1219,lunge,derujun
1220,rig,derujun
1221,partisan,derujun
1222,rupture,derujun
1223,shimmer,derujun
1224,loiter,derujun
1225,magnanimous,derujun
1226,scrumptious,derujun
1227,scant,derujun
1228,putrid,derujun
1229,muddle,derujun
1230,eclectic,derujun
1231,jovial,derujun
1232,proffer,derujun
1233,cogent,derujun
1234,reel,derujun
1235,scorn,derujun
1236,bereft,derujun
1237,blurb,derujun
1238,jocular,derujun
1239,saunter,derujun
1240,binge,derujun
1241,lampoon,derujun
1242,twinge,derujun
1243,vexing,derujun
1244,tabulate,derujun
1245,parched,derujun
1246,delectable,derujun
1247,scrawny,derujun
1248,myriad,derujun
1249,soar,derujun
1250,backlash,derujun
1251,articulate,derujun
1252,paramount,derujun
1253,surge,derujun
1254,clot,derujun
1255,flourish,derujun
1256,ignite,derujun
1257,intimidate,derujun
1258,intricate,derujun
1259,perpetuate,derujun
1260,discard,derujun
1261,slaughter,derujun
1262,provoke,derujun
1263,repress,derujun
1264,encompass,derujun
1265,ensue,derujun
1266,array,derujun
1267,galvanize,derujun
1268,reverre,derujun
1269,deteriorate,derujun
1270,intact,derujun
1271,entrust,derujun
1272,downplay,derujun
1273,subsidize,derujun
1274,prone,derujun
1275,surveillance,derujun
1276,ascribe,derujun
1277,pinpoint,derujun
1278,decimate,derujun
1279,surcharge,derujun
1280,cripple,derujun
1281,discrepancy,derujun
1282,pretext,derujun
1283,outlay,derujun
1284,menace,derujun
1285,crunch,derujun
1286,compliance,derujun
1287,diversify,derujun
1288,expulsion,derujun
1289,intrigue,derujun
1290,shortcoming,derujun
1291,endow,derujun
1292,amenity,derujun
1293,bleak,derujun
1294,futile,derujun
1295,guise,derujun
1296,condemnation,derujun
1297,layman,derujun
1298,ambiguity,derujun
1299,prolonged,derujun
1300,insidious,derujun
1301,exterminate,derujun
1302,upstart,derujun
1303,mentor,derujun
1304,drenched,derujun
1305,decor,derujun
1306,swap,derujun
1307,flunk,derujun
1308,sinister,derujun
1309,backdrop,derujun
1310,implicate,derujun
1311,pragmatic,derujun
1312,empathize,derujun
1313,slump,derujun
1314,posture,derujun
1315,lag,derujun
1316,lenient,derujun
1317,deflect,derujun
1318,protagonist,derujun
1319,elastic,derujun
1320,amplify,derujun
1321,circumstantial,derujun
1322,breach,derujun
1323,linger,derujun
1324,speculation,derujun
1325,ordeal,derujun
1326,embody,derujun
1327,whim,derujun
1328,muffle,derujun
1329,adulation,derujun
1330,disavow,derujun
1331,poised,derujun
1332,expediency,derujun
1333,homogeneous,derujun
1334,hubris,derujun
1335,gloss,derujun
1336,grovel,derujun
1337,layover,derujun
1338,fling,derujun
1339,wean,derujun
1340,shove,derujun
1341,limp,derujun
1342,sloth,derujun
1343,interminable,derujun
1344,loophole,derujun
1345,induct,derujun
1346,synthesize,derujun
1347,din,derujun
1348,bureaucrat,derujun
1349,pacify,derujun
1350,pounce,derujun
1351,malice,derujun
1352,bluntly,derujun
1353,squash,derujun
1354,mishap,derujun
1355,sparse,derujun
1356,fabricate,derujun
1357,patronage,derujun
1358,recalcitrant,derujun
1359,sabotage,derujun
1360,contemplate,derujun
1361,obstruct,derujun
1362,shoddy,derujun
1363,leeway,derujun
1364,leverage,derujun
1365,whine,derujun
1366,repository,derujun
1367,impoverish,derujun
1368,outcast,derujun
1369,transcend,derujun
1370,efface,derujun
1371,vicarious,derujun
1372,paragon,derujun
1373,paternity,derujun
1374,purported,derujun
1375,impetus,derujun
1376,pledge,derujun
1377,lineage,derujun
1378,denomination,derujun
1379,crest,derujun
1380,constrain,derujun
1381,figuratively,derujun
1382,semblance,derujun
1383,indelible,derujun
1384,mystique,derujun
1385,clumsy,derujun
1386,bountiful,derujun
1387,sanctuary,derujun
1388,germinate,derujun
1389,precipitous,derujun
1390,blurt,derujun
1391,tumble,derujun
1392,outage,derujun
1393,strut,derujun
1394,belatedly,derujun
1395,erode,derujun
1396,incarnation,derujun
1397,vulgar,derujun
1398,arrogance,derujun
1399,hitch,derujun
1400,tantalizing,derujun
1401,eavesdrop,derujun
1402,gimmick,derujun
1403,demean,derujun
1404,shrewd,derujun
1405,agonize,derujun
1406,anonymity,derujun
1407,fetter,derujun
1408,lackluster,derujun
1409,implicit,derujun
1410,buffer,derujun
1411,demeanor,derujun
1412,cajole,derujun
1413,disgruntled,derujun
1414,urbane,derujun
1415,emblazon,derujun
1416,equivocate,derujun
1417,engulf,derujun
1418,exponential,derujun
1419,snare,derujun
1420,guzzle,derujun
1421,translucent,derujun
1422,jaded,derujun
1423,obsequious,derujun
1424,tedium,derujun
1425,impound,derujun
1426,genial,derujun
1427,embolden,derujun
1428,efficacious,derujun
1429,gaunt,derujun
1430,conceit,derujun
1431,effigy,derujun
1432,throb,derujun
1433,progeny,derujun
1434,grind,derujun
1435,deface,derujun
1436,dissemble,derujun
1437,append,derujun
1438,consummate,derujun
1439,fervor,derujun
1440,enamored,derujun
1441,retribution,derujun
1442,emancipate,derujun
1443,sidestep,derujun
1444,deform,derujun
1445,rustic,derujun
1446,woe,derujun
1447,usher,derujun
1448,nuisance,derujun
1449,avarice,derujun
1450,pushover,derujun
1451,dart,derujun
1452,droop,derujun
1453,jumble,derujun
1454,blanch,derujun
1455,sectarian,derujun
1456,levitate,derujun
1457,rapture,derujun
1458,impermeable,derujun
1459,ascension,derujun
1460,fumigate,derujun
1461,lassitude,derujun
1462,instantaneous,derujun
1463,escapade,derujun
1464,entourage,derujun
1465,voraciously,derujun
1466,profane,derujun
1467,malign,derujun
1468,personable,derujun
1469,makeshift,derujun
1470,nauseate,derujun
1471,seditious,derujun
1472,desultory,derujun
1473,swab,derujun
1474,decadence,derujun
1475,luster,derujun
1476,strenuous,derujun
1477,succulent,derujun
1478,indiscriminate,derujun
1479,clairvoyant,derujun
1480,reap,derujun
1481,fortitude,derujun
1482,dubious,derujun
1483,romp,derujun
1484,grouch,derujun
1485,abyss,derujun
1486,jilt,derujun
1487,transpose,derujun
1488,conundrum,derujun
1489,stowage,derujun
1490,snitch,derujun
1491,emphatic,derujun
1492,snide,derujun
1493,widget,derujun
1494,credulity,derujun
1495,ephemeral,derujun
1496,insubstantial,derujun
1497,beckon,derujun
1498,sneer,derujun
1499,tenuous,derujun
1500,scuff,derujun
1501,ingrained,derujun
1502,dredge,derujun
1503,niggle,derujun
1504,bulge,derujun
1505,perverse,derujun
1506,heretic,derujun
1507,imperious,derujun
1508,levy,derujun
1509,conflate,derujun
1510,prerogative,derujun
1511,collation,derujun
1512,truancy,derujun
1513,unabashedly,derujun
1514,haggard,derujun
1515,malady,derujun
1516,indictment,derujun
1517,vociferous,derujun
1518,infirmity,derujun
1519,mutinous,derujun
1520,celibate,derujun
1521,taint,derujun
1522,insignia,derujun
1523,probationary,derujun
1524,denunciation,derujun
1525,debar,derujun
1526,lax,derujun
1527,obnoxious,derujun
1528,harbinger,derujun
1529,logistically,derujun
1530,exhilaration,derujun
1531,rancid,derujun
1532,contemptuous,derujun
1533,peddle,derujun
1534,rueful,derujun
1535,inoculate,derujun
1536,gratuity,derujun
1537,conviviality,derujun
1538,tantrum,derujun
1539,hallucinate,derujun
1540,indemnity,derujun
1541,indolence,derujun
1542,underwrite,derujun
1543,virtuous,derujun
1544,exult,derujun
1545,tumult,derujun
1546,redeem,derujun
1547,consort,derujun
1548,defer,derujun
1549,delineate,derujun
1550,condiment,derujun
1551,crux,derujun
1552,foist,derujun
1553,dispensation,derujun
1554,arrears,derujun
1555,egalitarian,derujun
1556,belittle,derujun
1557,snarl,derujun
1558,annihilate,derujun
1559,crabby,derujun
1560,glib,derujun
1561,jinx,derujun
1562,entreaty,derujun
1563,luminary,derujun
1564,ebullience,derujun
1565,senile,derujun
1566,incredulous,derujun
1567,waylay,derujun
1568,tubby,derujun
1569,acquiesce,derujun
1570,conscription,derujun
1571,contravene,derujun
1572,inter,derujun
1573,addendum,derujun
1574,dribble,derujun
1575,rumple,derujun
1576,kindred,derujun
1577,cardinal,derujun
1578,matriculate,derujun
1579,treason,derujun
1580,bereaved,derujun
1581,tier,derujun
1582,garrulous,derujun
1583,digression,derujun
1584,stymie,derujun
1585,snip,derujun
1586,dismay,derujun
1587,volition,derujun
1588,arbitrate,derujun
1589,agape,derujun
1590,gradient,derujun
1591,repulsive,derujun
1592,abduct,derujun
1593,linkage,derujun
1594,contraption,derujun
1595,garble,derujun
1596,demur,derujun
1597,trounce,derujun
1598,stolid,derujun
1599,sedate,derujun
1600,gaudy,derujun
1601,provident,derujun
1602,fortuitously,derujun
1603,rebate,derujun
1604,burnish,derujun
1605,overhaul,derujun
1606,ponderous,derujun
1607,eponymous,derujun
1608,incisive,derujun
1609,bedraggled,derujun
1610,cavernous,derujun
1611,jubilant,derujun
1612,aperture,derujun
1613,devout,derujun
1614,promulgate,derujun
1615,pliable,derujun
1616,chunky,derujun
1617,specter,derujun
1618,undulate,derujun
1619,spoof,derujun
1620,extort,derujun
1621,submissive,derujun
1622,inimical,derujun
1623,ameliorate,derujun
1624,waver,derujun
1625,ferocious,derujun
1626,irresolute,derujun
1627,hilarious,derujun
1628,banish,derujun
1629,conformist,derujun
1630,angst,derujun
1631,remit,derujun
1632,redolence,derujun
1633,tingle,derujun
1634,predominate,derujun
1635,apex,derujun
1636,accreditation,derujun
1637,courier,derujun
1638,elongate,derujun
1639,servitude,derujun
1640,inertia,derujun
1641,impregnable,derujun
1642,stalwart,derujun
1643,blasphemy,derujun
1644,haughty,derujun
1645,staid,derujun
1646,attuned,derujun
1647,ascetic,derujun
1648,reciprocate,derujun
1649,prophetic,derujun
1650,inclement,derujun
1651,lure,derujun
1652,warden,derujun
1653,statutory,derujun
1654,bicker,derujun
1655,torrid,derujun
1656,swill,derujun
1657,purvey,derujun
1658,dilate,derujun
1659,expiate,derujun
1660,inane,derujun
1661,acolyte,derujun
1662,chivalrous,derujun
1663,diffuse,derujun
1664,intractable,derujun
1665,fathom,derujun
1666,squint,derujun
1667,confluence,derujun
1668,craze,derujun
1669,fiendish,derujun
1670,gripe,derujun
1671,cleave,derujun
1672,luscious,derujun
1673,mirth,derujun
1674,caveat,derujun
1675,atonement,derujun
1676,embroider,derujun
1677,strife,derujun
1678,partake,derujun
1679,juxtapose,derujun
1680,fortress,derujun
1681,advocate,derujun
1682,manipulate,derujun
1683,regime,derujun
1684,subsequent,derujun
1685,vulnerable,derujun
1686,indigenous,derujun
1687,trait,derujun
1688,predator,derujun
1689,ultimately,derujun
1690,diagnose,derujun
1691,legitimate,derujun
1692,enhance,derujun
1693,incentive,derujun
1694,validity,derujun
1695,proponent,derujun
1696,cognitive,derujun
1697,outright,derujun
1698,facilitate,derujun
1699,correlation,derujun
1700,underestimate,derujun
1701,drawback,derujun
1702,skeptical,derujun
1703,embrace,derujun
1704,controversial,derujun
1705,hazardous,derujun
1706,extract,derujun
1707,implement,derujun
1708,influx,derujun
1709,outweight,derujun
1710,envision,derujun
1711,contend,derujun
1712,pharmaceutical,derujun
1713,migration,derujun
1714,warfare,derujun
1715,livestock,derujun
1716,perish,derujun
1717,enact,derujun
1718,implant,derujun
1719,hypothesis,derujun
1720,breakthrough,derujun
1721,overly,derujun
1722,inherent,derujun
1723,roam,derujun
1724,mandatory,derujun
1725,accusation,derujun
1726,contaminate,derujun
1727,inmate,derujun
1728,dub,derujun
1729,genetically,derujun
1730,credibility,derujun
1731,toxic,derujun
1732,relevance,derujun
1733,thrive,derujun
1734,underlie,derujun
1735,sway,derujun
1736,delegate,derujun
1737,foresee,derujun
1738,reinforce,derujun
1739,assault,derujun
1740,inject,derujun
1741,pricey,derujun
1742,disrupt,derujun
1743,quota,derujun
1744,forefront,derujun
1745,uprising,derujun
1746,constitutional,derujun
1747,specimen,derujun
1748,displace,derujun
1749,mortgage,derujun
1750,socioeconomic,derujun
1751,livelihood,derujun
1752,intensify,derujun
1753,potent,derujun
1754,induce,derujun
1755,surpass,derujun
1756,irrational,derujun
1757,infamous,derujun
1758,outrage,derujun
1759,overthrow,derujun
1760,spur,derujun
1761,overstate,derujun
1762,dilemma,derujun
1763,ravage,derujun
1764,viable,derujun
1765,flawed,derujun
1766,uphold,derujun
1767,simplistic,derujun
1768,intake,derujun
1769,tremendous,derujun
1770,indispensable,derujun
1771,divert,derujun
1772,projection,derujun
1773,subordinate,derujun
1774,necessitate,derujun
1775,revolt,derujun
1776,infectious,derujun
1777,expel,derujun
1778,oppress,derujun
1779,disposal,derujun
1780,overrun,derujun
1781,recipient,derujun
1782,societal,derujun
1783,rebellious,derujun
1784,niche,derujun
1785,devastate,derujun
1786,prestige,derujun
1787,brutality,derujun
1788,casualty,derujun
1789,rampant,derujun
1790,coalition,derujun
1791,confinement,derujun
1792,microscopic,derujun
1793,neutrality,derujun
1794,evacuate,derujun
1795,hygiene,derujun
1796,integral,derujun
1797,outnumber,derujun
1798,albeit,derujun
1799,disproportionate,derujun
1800,restoration,derujun
1801,foremost,derujun
1802,allocate,derujun
1803,hostile,derujun
1804,buildup,derujun
1805,penalize,derujun
1806,convict,derujun
1807,aftermath,derujun
1808,hail,derujun
1809,merge,derujun
1810,captive,derujun
1811,complimentary,derujun
1812,downfall,derujun
1813,selective,derujun
1814,upheaval,derujun
1815,eradicate,derujun
1816,verge,derujun
1817,pretense,derujun
1818,privileged,derujun
1819,tolerance,derujun
1820,render,derujun
1821,outlaw,derujun
1822,reassure,derujun
1823,gigantic,derujun
1824,forcible,derujun
1825,inhibit,derujun
1826,disguise,derujun
1827,confidential,derujun
1828,dismiss,derujun
1829,irrigation,derujun
1830,confrontational,derujun
1831,hinder,derujun
1832,oversight,derujun
1833,skyrocket,derujun
1834,evaporate,derujun
1835,staggering,derujun
1836,status quo,derujun
1837,halt,derujun
1838,exert,derujun
1839,ballot,derujun
1840,disciplinary,derujun
1841,solidify,derujun
1842,bribery,derujun
1843,curb,derujun
1844,rash,derujun
1845,irrelevant,derujun
1846,demographic,derujun
1847,communal,derujun
1848,norm,derujun
1849,advent,derujun
1850,shatter,derujun
1851,chaotic,derujun
1852,integrity,derujun
1853,agrarian,derujun
1854,uproar,derujun
1855,commence,derujun
1856,coin,derujun
1857,deplete,derujun
1858,exempt,derujun
1859,incite,derujun
1860,unprecedented,derujun
1861,entity,derujun
1862,intervene,derujun
1863,attic,derujun
1864,presumption,derujun
1865,assertive,derujun
1866,liken,derujun
1867,fragility,derujun
1868,hefty,derujun
1869,foe,derujun
1870,incidence,derujun
1871,catastrophe,derujun
1872,outstrip,derujun
1873,solidarity,derujun
1874,overdue,derujun
1875,seamless,derujun
1876,evoke,derujun
1877,brag,derujun
1878,upscale,derujun
1879,renowned,derujun
1880,freight,derujun
1881,outcry,derujun
1882,unearth,derujun
1883,municipality,derujun
1884,recede,derujun
1885,taxonomic,derujun
1886,watershed,derujun
1887,instability,derujun
1888,suppress,derujun
1889,misinterpret,derujun
1890,decent,derujun
1891,retrieve,derujun
1892,wary,derujun
1893,criminality,derujun
1894,vandalism,derujun
1895,sanitation,derujun
1896,setback,derujun
1897,strive,derujun
1898,affluent,derujun
1899,rundown,derujun
1900,formidable,derujun
1901,deregulate,derujun
1902,erupt,derujun
1903,diminutive,derujun
1904,benchmark,derujun
1905,indicative,derujun
1906,reliant,derujun
1907,prosecute,derujun
1908,stunning,derujun
1909,edible,derujun
1910,addictive,derujun
1911,plead,derujun
1912,traumatic,derujun
1913,contradictory,derujun
1914,hierarchical,derujun
1915,populous,derujun
1916,raid,derujun
1917,humanitarian,derujun
1918,workload,derujun
1919,monopoly,derujun
1920,finalize,derujun
1921,tack,derujun
1922,standstill,derujun
1923,extraterrestrial,derujun
1924,consolidate,derujun
1925,invariably,derujun
1926,prevalence,derujun
1927,populace,derujun
1928,glamorous,derujun
1929,stoke,derujun
1930,ration,derujun
1931,deceptive,derujun
1932,reminisce,derujun
1933,stalemate,derujun
1934,agitate,derujun
1935,entail,derujun
1936,detour,derujun
1937,milestone,derujun
1938,reclaim,derujun
1939,transparent,derujun
1940,dissolution,derujun
1941,barren,derujun
1942,occupant,derujun
1943,land,derujun
1944,onlooker,derujun
1945,thermal,derujun
1946,racket,derujun
1947,humane,derujun
1948,withhold,derujun
1949,obsessive,derujun
1950,proposition,derujun
1951,scrutinize,derujun
1952,containment,derujun
1953,distressing,derujun
1954,impair,derujun
1955,resurrect,derujun
1956,discontent,derujun
1957,loot,derujun
1958,conspiracy,derujun
1959,lousy,derujun
1960,legislature,derujun
1961,interrogation,derujun
1962,itchy,derujun
1963,scheme,derujun
1964,vocalization,derujun
1965,obsolescence,derujun
1966,preferential,derujun
1967,pesky,derujun
1968,janitor,derujun
1969,pendulum,derujun
1970,perimeter,derujun
1971,loom,derujun
1972,respiratory,derujun
1973,state-of-the-art,derujun
1974,assimilate,derujun
1975,refurbish,derujun
1976,conglomerate,derujun
1977,simulate,derujun
1978,doom,derujun
1979,stockpile,derujun
1980,inconsequential,derujun
1981,vibrant,derujun
1982,eyewitness,derujun
1983,commodity,derujun
1984,notorious,derujun
1985,shot,derujun
1986,emigrate,derujun
1987,cede,derujun
1988,degrade,derujun
1989,extremist,derujun
1990,execute,derujun
1991,long-lasting,derujun
1992,reside,derujun
1993,empower,derujun
1994,hallmark,derujun
1995,squarely,derujun
1996,parameter,derujun
1997,wield,derujun
1998,epidemic,derujun
1999,perilous,derujun
2000,predisposed,derujun
2001,sovereign,derujun
2002,hardscrabble,derujun
2003,impersonal,derujun
2004,beset,derujun
2005,trespass,derujun
2006,quip,derujun
2007,forte,derujun
2008,foolproof,derujun
2009,far-fetched,derujun
2010,weather,derujun
2011,eerie,derujun
2012,pawn,derujun
2013,esoteric,derujun
2014,despicable,derujun
2015,scavenge,derujun
2016,shroud,derujun
2017,infighting,derujun
2018,laureate,derujun
2019,squeak,derujun
2020,qualm,derujun
2021,psychic,derujun
2022,full-fledged,derujun
2023,reimburse,derujun
2024,philanthropy,derujun
2025,unilateral,derujun
2026,commonplace,derujun
2027,domesticate,derujun
2028,polytheistic,derujun
2029,concur,derujun
2030,idiosyncratic,derujun
2031,tenure,derujun
2032,graffiti,derujun
2033,intrusive,derujun
2034,mimicry,derujun
2035,coffer,derujun
2036,phenomenal,derujun
2037,bizarre,derujun
2038,ignominious,derujun
2039,fraternity,derujun
2040,serene,derujun
2041,tamper with,derujun
2042,buckle down,derujun
2043,mull over,derujun
2044,boil down to,derujun
2045,crack down on ,derujun
2046,crop up,derujun
2047,tip off,derujun
2048,pan out,derujun
2049,clam up,derujun
2050,harp on,derujun
2051,pine for,derujun
2052,chime in,derujun
2053,tap into,derujun
2054,beef up,derujun
2055,egg on ,derujun
2056,scrape by,derujun
2057,blow away,derujun
2058,drown out,derujun
2059,bank on,derujun
2060,rub off on,derujun
2061,dote on,derujun
2062,rattle off,derujun
2063,own up,derujun
2064,shell out,derujun
2065,peter out,derujun
2066,eke out,derujun
2067,pass down,derujun
2068,butter up,derujun
2069,dispense with,derujun
2070,do up,derujun
2071,live down,derujun
2072,level with,derujun
2073,dawn on,derujun
2074,shake off,derujun
2075,vouch for,derujun
2076,rifle through,derujun
2077,head off,derujun
2078,polish off,derujun
2079,rein in,derujun
2080,bow out,derujun
2081,cast off,derujun
2082,scoot over,derujun
2083,fizzle out,derujun
2084,rope in,derujun
2085,patch up,derujun
2086,drift off,derujun
2087,act up,derujun
2088,stumble on,derujun
2089,weed out,derujun
2090,fork out,derujun
2091,whip up,derujun
2092,fend off,derujun
2093,jockey for,derujun
2094,pull off,derujun
2095,farm out,derujun
2096,simmer down,derujun
2097,poke around,derujun
2098,taper off,derujun
2099,write off,derujun
2100,pick off,derujun
2101,blot out,derujun
2102,run up,derujun
2103,barge in,derujun
2104,wriggle out of,derujun
2105,ease up,derujun
2106,bear down on,derujun
2107,carve up,derujun
2108,bawl out,derujun
2109,bottle up,derujun
2110,goof off,derujun
2111,dwell on,derujun
2112,dish out,derujun
2113,louse up,derujun
2114,nose around,derujun
2115,come by,derujun
2116,rail against,derujun
2117,crank out,derujun
2118,hang back,derujun
2119,piece together,derujun
2120,swear by,derujun
2121,put in for,derujun
2122,chew out,derujun
2123,fritter away,derujun
2124,wolf down,derujun
2125,dole out,derujun
2126,spur on,derujun
2127,hunker down,derujun
2128,bog down,derujun
2129,snap out of,derujun
2130,boil over,derujun
2131,deck out,derujun
2132,breeze in,derujun
2133,settle on,derujun
2134,sound out,derujun
2135,barge through,derujun
2136,lay out,derujun
2137,factor in,derujun
2138,pin down,derujun
2139,roll in,derujun
2140,hold down,derujun
2141,fall through,derujun
2142,stamp out,derujun
2143,throw out,derujun
2144,pass A off as B,derujun
2145,bear out,derujun
2146,come down on,derujun
2147,play up,derujun
2148,zero in on,derujun
2149,butt in,derujun
2150,toy with,derujun
2151,wind up,derujun
2152,rack up,derujun
2153,pitch in,derujun
2154,horse around,derujun
2155,gang up on,derujun
2156,wind down,derujun
2157,make off with,derujun
2158,flesh out,derujun
2159,rip through,derujun
2160,bowl over,derujun
2161,squeak by,derujun
2162,cash in on,derujun
2163,rally around,derujun
2164,let on,derujun
2165,lean on,derujun
2166,come around,derujun
2167,strike on,derujun
2168,come in for,derujun
2169,let up,derujun
2170,pluck up,derujun
2171,grow on,derujun
2172,sail through,derujun
2173,pile in,derujun
2174,leap out at,derujun
2175,kick up,derujun
2176,be put upon,derujun
2177,smack of,derujun
2178,roll out,derujun
2179,fly at,derujun
2180,level at,derujun
2181,frown on,derujun
2182,be roped into,derujun
2183,set back,derujun
2184,put across,derujun
2185,dig into,derujun
2186,wash over,derujun
2187,choke off,derujun
2188,coast along,derujun
2189,go at,derujun
2190,haul off,derujun
2191,fend for oneself,derujun
2192,root out,derujun
2193,muscle in on,derujun
2194,cop out,derujun
2195,mill about,derujun
2196,key up,derujun
2197,play along,derujun
2198,bargain on,derujun
2199,fall in with,derujun
2200,limber up,derujun
2201,dip into,derujun
2202,tide over,derujun
2203,settle up,derujun
2204,kick in,derujun
2205,hunger for,derujun
2206,drag A into B,derujun
2207,ride out,derujun
2208,buy off,derujun
2209,rip off,derujun
2210,take off,derujun
2211,kick around,derujun
2212,hail from,derujun
2213,boot out,derujun
2214,get back at,derujun
2215,gloss over,derujun
2216,lash out,derujun
2217,stake out,derujun
2218,hem in,derujun
2219,smooth over,derujun
2220,iron out,derujun
2221,nod off,derujun
2222,flare up,derujun
2223,palm off,derujun
2224,tack on,derujun
2225,hinge on,derujun
2226,pore over,derujun
2227,hole up,derujun
2228,churn out,derujun
2229,leaf through,derujun
2230,trip up,derujun
2231,blurt out,derujun
2232,nail down,derujun
2233,tear into,derujun
2234,trump up,derujun
2235,knuckle down,derujun
2236,lap up,derujun
2237,spout off,derujun
2238,scrimp on,derujun
2239,wrap up,derujun
2240,shrug off,derujun
2241,side with,derujun
2242,drag on,derujun
2243,ramp up,derujun
2244,shy away from,derujun
2245,chip in,derujun
2246,strike up,derujun
2247,fire away,derujun
2248,fan out,derujun
2249,bail out,derujun
2250,cave in,derujun
2251,square off,derujun
2252,crack up,derujun
2253,choke up,derujun
2254,mete out,derujun
2255,clog up,derujun
2256,waste away,derujun
2257,jot down,derujun
2258,lay into,derujun
2259,stand in for,derujun
2260,foul up,derujun
2261,belt out,derujun
2262,spruce up,derujun
2263,muddle through,derujun
2264,snuff out,derujun
2265,pick up on,derujun
2266,keel over,derujun
2267,bunch up,derujun
2268,go through with,derujun
2269,ease off,derujun
2270,load up on,derujun
2271,chip away at,derujun
2272,float around,derujun
2273,drag out,derujun
2274,roll back,derujun
2275,creep in,derujun
2276,drum up,derujun
2277,skirt around,derujun
2278,sift through,derujun
2279,worm A out of B,derujun
2280,square up,derujun
2281,while away,derujun
2282,tower over,derujun
2283,rake in,derujun
2284,lead up to,derujun
2285,back out,derujun
2286,head up,derujun
2287,cater to,derujun
2288,push for,derujun
2289,snap up,derujun
2290,mark up,derujun
2291,dumb down,derujun
2292,squeeze in,derujun
2293,throw in,derujun
2294,lag behind,derujun
2295,shoot for,derujun
2296,pass over,derujun
2297,descend on,derujun
2298,sink in,derujun
2299,bubble over,derujun
2300,branch out,derujun
2301,spice up,derujun
2302,trail off,derujun
2303,skim off,derujun
2304,brim over,derujun
2305,strike off,derujun
2306,whisk away,derujun
2307,settle for ,derujun
2308,flunk out,derujun
2309,paper over,derujun
2310,hike up,derujun
2311,wash out,derujun
2312,suck up to,derujun
2313,dash off,derujun
2314,choke back,derujun
2315,lop off,derujun
2316,nibble at,derujun
2317,walk out on,derujun
2318,hold out for,derujun
2319,draw in,derujun
2320,follow through with,derujun
2321,mouth off,derujun
2322,stow away,derujun
2323,bundle up,derujun
2324,soak up,derujun
2325,keep after,derujun
2326,coop up,derujun
2327,claw back,derujun
2328,gain on,derujun
2329,hold out on,derujun
2330,flip out,derujun
2331,get in on,derujun
2332,dabble in,derujun
2333,knuckle under,derujun
2334,take to,derujun
2335,sit in for,derujun
2336,pipe down,derujun
2337,scratch out,derujun
2338,perk up,derujun
2339,smooth down,derujun
2340,thin out,derujun
2341,talk down,derujun
2342,shove around,derujun
2343,blare out,derujun
2344,drone on,derujun
2345,root for,derujun
2346,pack off,derujun
2347,sponge off,derujun
2348,get away with,derujun
2349,shove off,derujun
2350,store up,derujun
2351,reckon on,derujun
2352,spin out,derujun
2353,chase up,derujun
2354,front for,derujun
2355,duck out,derujun
2356,fawn over,derujun
2357,grate on,derujun
2358,tail off,derujun
2359,rig up,derujun
2360,stave off,derujun
2361,let up on,derujun
2362,wipe out,derujun
2363,usher in,derujun
2364,sort out,derujun
2365,phase out,derujun
2366,strike down,derujun
2367,wear off,derujun
2368,take on,derujun
2369,break down,derujun
2370,take up,derujun
2371,pass up,derujun
2372,turn to,derujun
2373,draw on,derujun
2374,stick around,derujun
2375,abide by,derujun
2376,weigh in,derujun
2377,glance off,derujun
2378,rake off,derujun
2379,take in,derujun
2380,play down,derujun
2381,box up,derujun
2382,bring up,derujun
2383,blow up,derujun
2384,boot up,derujun
2385,chip off,derujun
2386,trip over,derujun
2387,crouch down,derujun
2388,fade in,derujun
2389,filter out,derujun
2390,beat up,derujun
2391,fuss over,derujun
2392,scrape together,derujun
2393,slip by,derujun
2394,deal out,derujun
2395,soften up,derujun
2396,level off,derujun
2397,shrivel up,derujun
2398,let down,derujun
2399,mark out,derujun
2400,bottom out,derujun
2401,get down to,derujun
2402,trim down,derujun
2403,run off with,derujun
2404,puzzle over,derujun
2405,put forward,derujun
2406,stem from,derujun
2407,shake up,derujun
2408,spring up,derujun
2409,back down,derujun
2410,saddle A with B,derujun
2411,fall back on,derujun
2412,hold back,derujun
2413,lay down,derujun
2414,hold off,derujun
2415,single out,derujun
2416,kick off,derujun
2417,gear up,derujun
2418,pay off,derujun
2419,primate,derujun
2420,reptile,derujun
2421,amphibian,derujun
2422,vertebrate,derujun
2423,carnivore,derujun
2424,herbivore,derujun
2425,rodent,derujun
2426,mollusk,derujun
2427,avian,derujun
2428,flatworm,derujun
2429,parasite,derujun
2430,aquatic,derujun
2431,ape,derujun
2432,canine,derujun
2433,lynx,derujun
2434,badger,derujun
2435,mole,derujun
2436,otter,derujun
2437,lizard,derujun
2438,waterfowl,derujun
2439,falcon,derujun
2440,jay,derujun
2441,termite,derujun
2442,flea,derujun
2443,maggot,derujun
2444,wasp,derujun
2445,cod,derujun
2446,herring,derujun
2447,trout,derujun
2448,catfish,derujun
2449,jellyfish,derujun
2450,sea urchin,derujun
2451,crayfish,derujun
2452,cocoon,derujun
2453,larva,derujun
2454,venomous,derujun
2455,pollinate,derujun
2456,angiosperm,derujun
2457,gymnosperm,derujun
2458,conifer,derujun
2459,deciduous,derujun
2460,photosynthesis,derujun
2461,airborne,derujun
2462,dandelion,derujun
2463,larch,derujun
2464,fungus,derujun
2465,algae,derujun
2466,evolution,derujun
2467,mutation,derujun
2468,inbreeding,derujun
2469,stroke,derujun
2470,concussion,derujun
2471,migraine,derujun
2472,measles,derujun
2473,rubella,derujun
2474,mumps,derujun
2475,asthma,derujun
2476,tuberculosis,derujun
2477,emphysema,derujun
2478,diabetes,derujun
2479,ulcer,derujun
2480,atrophy,derujun
2481,tumor,derujun
2482,hematoma,derujun
2483,anemic,derujun
2484,thyroid,derujun
2485,carcinogen,derujun
2486,obesity,derujun
2487,diarrhea,derujun
2488,ingest,derujun
2489,metabolism,derujun
2490,protein,derujun
2491,allergen,derujun
2492,lesion,derujun
2493,inflammation,derujun
2494,arthritis,derujun
2495,pneumonia,derujun
2496,fracture,derujun
2497,laceration,derujun
2498,graft,derujun
2499,spasm,derujun
2500,cramp,derujun
2501,paralysis,derujun
2502,symptom,derujun
2503,syndrome,derujun
2504,complication,derujun
2505,remedy,derujun
2506,chemotherapy,derujun
2507,biopsy,derujun
2508,forceps,derujun
2509,prosthesis,derujun
2510,disorder,derujun
2511,dysfunction,derujun
2512,germ,derujun
2513,microbe,derujun
2514,pathogen,derujun
2515,virus,derujun
2516,gene,derujun
2517,cellular,derujun
2518,nucleus,derujun
2519,chromosome,derujun
2520,ribonucleic acid,derujun
2521,nucleotide,derujun
2522,genome,derujun
2523,neural,derujun
2524,neuron,derujun
2525,synapse,derujun
2526,receptor,derujun
2527,regimen,derujun
2528,vaccine,derujun
2529,antibody,derujun
2530,antibiotic,derujun
2531,pandemic,derujun
2532,painkiller,derujun
2533,antidote,derujun
2534,placebo,derujun
2535,immunization,derujun
2536,sedation,derujun
2537,narcotic,derujun
2538,anesthesia,derujun
2539,sterilize,derujun
2540,comatose,derujun
2541,amputation,derujun
2542,euthanasia,derujun
2543,reproductive,derujun
2544,fertility,derujun
2545,pregnancy,derujun
2546,infertility,derujun
2547,embryo,derujun
2548,childbirth,derujun
2549,cortex,derujun
2550,skull,derujun
2551,scalp,derujun
2552,retina,derujun
2553,cavity,derujun
2554,cervical,derujun
2555,abdominal,derujun
2556,spine,derujun
2557,spinal cord,derujun
2558,marrow,derujun
2559,membrance,derujun
2560,limb,derujun
2561,extremities,derujun
2562,skeleton,derujun
2563,cartilage,derujun
2564,gristle,derujun
2565,shoulder blade,derujun
2566,rib,derujun
2567,intestine,derujun
2568,gastrointestinal,derujun
2569,coronary,derujun
2570,pulmonary,derujun
2571,cardiopulmonary,derujun
2572,pancreas,derujun
2573,kidney,derujun
2574,womb,derujun
2575,artery,derujun
2576,cardiovascular,derujun
2577,saliva,derujun
2578,digestion,derujun
2579,feces,derujun
2580,cognition,derujun
2581,subliminal,derujun
2582,neurotic,derujun
2583,paranoia,derujun
2584,schizophrenia,derujun
2585,hysteria,derujun
2586,depressed,derujun
2587,melancholy,derujun
2588,autism,derujun
2589,insomnia,derujun
2590,trance,derujun
2591,dementia,derujun
2592,euphoria,derujun
2593,sociopath,derujun
2594,regression,derujun
2595,deforestation,derujun
2596,carbon dioxide,derujun
2597,emission,derujun
2598,ozone,derujun
2599,petroleum,derujun
2600,hydropower,derujun
2601,geothermal,derujun
2602,radiation,derujun
2603,acidification,derujun
2604,biodiversity,derujun
2605,species,derujun
2606,endangered,derujun
2607,extinction,derujun
2608,fauna,derujun
2609,flora,derujun
2610,den,derujun
2611,reforestation,derujun
2612,forestry,derujun
2613,canopy,derujun
2614,contamination,derujun
2615,pollutant,derujun
2616,sustainable,derujun
2617,cereal,derujun
2618,monoculture,derujun
2619,fertilizer,derujun
2620,herbicide,derujun
2621,pest,derujun
2622,pesticide,derujun
2623,blight,derujun
2624,plantation,derujun
2625,herd,derujun
2626,ore,derujun
2627,tributary,derujun
2628,cascade,derujun
2629,swamp,derujun
2630,quagmire,derujun
2631,shoal,derujun
2632,seabed,derujun
2633,elevation,derujun
2634,cove,derujun
2635,chasm,derujun
2636,fissure,derujun
2637,crevice,derujun
2638,aquifer,derujun
2639,porous,derujun
2640,sediment,derujun
2641,plateau,derujun
2642,topography,derujun
2643,Paleozoic,derujun
2644,Mesozoic,derujun
2645,Cenozoic,derujun
2646,archaeopteryx,derujun
2647,archipelago,derujun
2648,peninsula,derujun
2649,mantle,derujun
2650,volcanism,derujun
2651,lava,derujun
2652,tremor,derujun
2653,landslide,derujun
2654,glacier,derujun
2655,iceberg,derujun
2656,avalanche,derujun
2657,crust,derujun
2658,cataclysm,derujun
2659,axis,derujun
2660,equator,derujun
2661,hemisphere,derujun
2662,climatic,derujun
2663,boreal,derujun
2664,tundra,derujun
2665,thaw,derujun
2666,dusk,derujun
2667,drizzle,derujun
2668,muggy,derujun
2669,drought,derujun
2670,precipitation,derujun
2671,solstice,derujun
2672,magnetosphere,derujun
2673,gravity,derujun
2674,orbit,derujun
2675,meteor,derujun
2676,meteorite,derujun
2677,space junk,derujun
2678,asteroid,derujun
2679,dwarf planet,derujun
2680,interstellar,derujun
2681,galaxy,derujun
2682,nebular,derujun
2683,neutron,derujun
2684,proton,derujun
2685,quantum,derujun
2686,radioactivity,derujun
2687,reactor,derujun
2688,velocity,derujun
2689,gravitation,derujun
2690,friction,derujun
2691,magnetic field,derujun
2692,conductive,derujun
2693,convection,derujun
2694,spectrum,derujun
2695,molecule,derujun
2696,isotope,derujun
2697,compound,derujun
2698,synthetic,derujun
2699,hydrogen,derujun
2700,nitrogen,derujun
2701,arsenic,derujun
2702,phosphorus,derujun
2703,sulfuric acid,derujun
2704,zinc,derujun
2705,acetylene,derujun
2706,carbohydrate,derujun
2707,dioxide,derujun
2708,hydrocarbon,derujun
2709,fluoride,derujun
2710,iridium,derujun
2711,methane,derujun
2712,nitrate,derujun
2713,platinum,derujun
2714,radium,derujun
2715,alloy,derujun
2716,metallurgy,derujun
2717,amalgam,derujun
2718,enzyme,derujun
2719,lactose,derujun
2720,solvent,derujun
2721,unsaturated,derujun
2722,equation,derujun
2723,continuum,derujun
2724,infinity,derujun
2725,maximum,derujun
2726,ratio,derujun
2727,coefficient,derujun
2728,rectangle,derujun
2729,radius,derujun
2730,diameter,derujun
2731,elliptical,derujun
2732,cylinder,derujun
2733,cone,derujun
2734,subset,derujun
2735,specification,derujun
2736,thermostat,derujun
2737,radar,derujun
2738,circuitry,derujun
2739,electrode,derujun
2740,quartz,derujun
2741,silicon,derujun
2742,graphite,derujun
2743,cyberspace,derujun
2744,garbled,derujun
2745,edifice,derujun
2746,condominium,derujun
2747,high-rise,derujun
2748,urbanization,derujun
2749,outskirts,derujun
2750,sprawl,derujun
2751,thoroughfare,derujun
2752,landmark,derujun
2753,infrastructure,derujun
2754,cornerstone,derujun
2755,timber,derujun
2756,sawmill,derujun
2757,ditch,derujun
2758,sewage,derujun
2759,reservoir,derujun
2760,waterway,derujun
2761,pier,derujun
2762,wharf,derujun
2763,intersection,derujun
2764,pedestrian,derujun
2765,collision,derujun
2766,carrier,derujun
2767,toll-free,derujun
2768,aviation,derujun
2769,runway,derujun
2770,mileage,derujun
2771,constituent,derujun
2772,electorate,derujun
2773,suffrage,derujun
2774,Senator,derujun
2775,propaganda,derujun
2776,racism,derujun
2777,territorial,derujun
2778,hegemony,derujun
2779,diplomat,derujun
2780,armistice,derujun
2781,pact,derujun
2782,coup,derujun
2783,corps,derujun
2784,admiral,derujun
2785,colonel,derujun
2786,lieutenant,derujun
2787,outpost,derujun
2788,trench,derujun
2789,militia,derujun
2790,veteran,derujun
2791,patriotism,derujun
2792,arsenal,derujun
2793,projectile,derujun
2794,torpedo,derujun
2795,ammunition,derujun
2796,artillery,derujun
2797,grenade,derujun
2798,emplacement,derujun
2799,devalue,derujun
2800,inflation,derujun
2801,cartel,derujun
2802,mercantilism,derujun
2803,recession,derujun
2804,monetary,derujun
2805,jurisdiction,derujun
2806,perpetrator,derujun
2807,defendant,derujun
2808,plantiff,derujun
2809,prosecutor,derujun
2810,juror,derujun
2811,jury,derujun
2812,attorney,derujun
2813,barrister,derujun
2814,lawsuit,derujun
2815,probation,derujun
2816,commutation,derujun
2817,imprisonment,derujun
2818,counterclaim,derujun
2819,mistrial,derujun
2820,remand,derujun
2821,immunity,derujun
2822,insanity,derujun
2823,default,derujun
2824,perjury,derujun
2825,burglary,derujun
2826,larceny,derujun
2827,arson,derujun
2828,homicide,derujun
2829,manslaughter,derujun
2830,hostage,derujun
2831,contraband,derujun
2832,legacy,derujun
2833,beneficiary,derujun
2834,consortium,derujun
2835,syndicate,derujun
2836,capitalist,derujun
2837,stakeholder,derujun
2838,entrepreneur,derujun
2839,pension,derujun
2840,resignation,derujun
2841,ledger,derujun
2842,overdraft,derujun
2843,retailer,derujun
2844,output,derujun
2845,clientele,derujun
2846,bankruptcy,derujun
2847,questionnaire,derujun
2848,respondent,derujun
2849,prototype,derujun
2850,agenda,derujun
2851,patent,derujun
2852,disclaimer,derujun
2853,prehistoric,derujun
2854,archaeological,derujun
2855,remains,derujun
2856,excavation,derujun
2857,catacomb,derujun
2858,coffin,derujun
2859,flint,derujun
2860,artifact,derujun
2861,lance,derujun
2862,hearth,derujun
2863,shipwreck,derujun
2864,mummy,derujun
2865,glyph,derujun
2866,inscription,derujun
2867,epitaph,derujun
2868,archive,derujun
2869,chronicle,derujun
2870,millennium,derujun
2871,medieval,derujun
2872,dynasty,derujun
2873,aristocracy,derujun
2874,genealogy,derujun
2875,crusade,derujun
2876,rampart,derujun
2877,dungeon,derujun
2878,imperialism,derujun
2879,coronation,derujun
2880,autocrat,derujun
2881,dictator,derujun
2882,massacre,derujun
2883,exorcism,derujun
2884,peasantry,derujun
2885,mores,derujun
2886,folklore,derujun
2887,mythology,derujun
2888,spouse,derujun
2889,suitor,derujun
2890,dowry,derujun
2891,ghetto,derujun
2892,caste,derujun
2893,prelate,derujun
2894,archbishop,derujun
2895,bishop,derujun
2896,monk,derujun
2897,monastery,derujun
2898,missionary,derujun
2899,pilgrim,derujun
2900,worship,derujun
2901,ethic,derujun
2902,requiem,derujun
2903,dirge,derujun
2904,redemption,derujun
2905,penance,derujun
2906,pagan,derujun
2907,atheism,derujun
2908,agnostic,derujun
2909,deterministic,derujun
2910,curator,derujun
2911,sponsorship,derujun
2912,pigment,derujun
2913,varnish,derujun
2914,symmetry,derujun
2915,replica,derujun
2916,balm,derujun
2917,porcelain,derujun
2918,auditorium,derujun
2919,cathartic,derujun
2920,recite,derujun
2921,playwright,derujun
2922,phonograph,derujun
2923,lexical,derujun
2924,syntax,derujun
2925,conjugate,derujun
2926,conjunction,derujun
2927,determiner,derujun
2928,semantic,derujun
2929,pronunciation,derujun
2930,vernacular,derujun
2931,synonym,derujun
2932,faculty,derujun
2933,doctoral,derujun
2934,academia,derujun
2935,methodology,derujun
2936,expertise,derujun
2937,taxonomy,derujun
2938,paradigm,derujun
2939,empirical,derujun
2940,thesis,derujun
2941,terminology,derujun
2942,rhetoric,derujun
2943,preface,derujun
2944,bibliography,derujun
2945,typo,derujun
2946,dormitory,derujun
